#Organism Name,Organism Groups,Strain,BioSample,BioProject,Size(Mb),GC%,Type,Replicons,CDS,Release Date
"Acacia ligulata","Eukaryota;Plants;Land Plants","","","PRJNA524540",0.698138,45.0642,"mitochondrion","NC_040998.1/",38,"2019-02-27T00:00:00Z"
"Acer yangbiense","Eukaryota;Plants;Land Plants","Malutang-1-2009seedling","SAMN11026391","PRJNA524417",0.803281,45.4632,"mitochondrion","MT:CM017774.1",41,"2019-08-23T00:00:00Z"
"Acer yangbiense","Eukaryota;Plants;Land Plants","","SAMN11026391","PRJNA790138",0.803281,45.4632,"mitochondrion","NC_059858.1/",41,"2022-01-04T00:00:00Z"
"Aconitum kusnezoffii","Eukaryota;Plants;Land Plants","","","PRJNA707862",0.44072,46.854,"mitochondrion","NC_053920.1/MW013323.1",37,"2021-03-26T00:00:00Z"
"Aegiceras corniculatum","Eukaryota;Plants;Land Plants","","","PRJNA738017",0.425282,44.8199,"mitochondrion","NC_056358.1/MT130509.1",38,"2021-06-19T00:00:00Z"
"Aegilops speltoides C08","Eukaryota;Plants;Land Plants","","","PRJNA226122",0.476091,44.4251,"mitochondrion","NC_022666.1/AP013107.1",34,"2013-11-05T00:00:00Z"
"Ageratum conyzoides","Eukaryota;Plants;Land Plants","","","PRJNA708078",0.219198,45.3791,"mitochondrion","NC_053927.1/MN075945.1",30,"2021-03-26T00:00:00Z"
"Agrostemma githago","Eukaryota;Plants;Land Plants","","","PRJNA760048",0.262903,44.6617,"mitochondrion","NC_057604.1/MW553037.1",30,"2021-09-09T00:00:00Z"
"Ajuga reptans","Eukaryota;Plants;Land Plants","","","PRJNA232186",0.352069,45.0971,"mitochondrion","NC_023103.1/KF709392.1",30,"2013-12-20T00:00:00Z"
"Allium cepa","Eukaryota;Plants;Land Plants","","","PRJNA321084",0.316363,45.3473,"mitochondrion","NC_030100.1/KU318712.1",26,"2016-05-16T00:00:00Z"
"Amana erythronioides","Eukaryota;Plants;Land Plants","","","PRJNA387910",0.016795,44.0429,"mitochondrion","NC_034668.1/KY132101.1",13,"2017-05-24T00:00:00Z"
"Ammopiptanthus mongolicus","Eukaryota;Plants;Land Plants","","","PRJNA504159",0.475396,42.7454,"mitochondrion","NC_039660.1/MF683210.1",79,"2018-11-09T00:00:00Z"
"Ammopiptanthus nanus","Eukaryota;Plants;Land Plants","","","PRJNA387804",0.339352,45.4484,"mitochondrion","NC_046466.1/MH127920.1",35,"2020-03-26T00:00:00Z"
"Andreaea wangiana","Eukaryota;Plants;Land Plants","","","PRJNA624438",0.117857,41.9517,"mitochondrion","NC_046759.1/MN056355.1",40,"2020-04-10T00:00:00Z"
"Aneura pinguis","Eukaryota;Plants;Land Plants","","","PRJNA281853",0.165603,47.4363,"mitochondrion","NC_026901.1/KP728938.1",40,"2015-04-22T00:00:00Z"
"Ankistrodesmus falcatus UCP001","Eukaryota;Plants;Green Algae","","","PRJNA680122",0.041048,37.4342,"mitochondrion","NC_051461.1/MT701044.1",21,"2020-11-22T00:00:00Z"
"Anomodon rugelii","Eukaryota;Plants;Land Plants","","","PRJNA74697",0.104239,41.2015,"mitochondrion","NC_016121.1/JF973314.1",46,"2011-10-21T00:00:00Z"
"Anthoceros agrestis Oxford","Eukaryota;Plants;Land Plants","","","PRJNA642533",0.228021,45.4463,"mitochondrion","NC_049004.1/MN544313.1",42,"2020-06-28T00:00:00Z"
"Anthoceros angustus","Eukaryota;Plants;Land Plants","","","PRJNA453349",0.24241,45.7663,"mitochondrion","NC_037476.1/MG029262.1",49,"2018-04-24T00:00:00Z"
"Anthoceros punctatus","Eukaryota;Plants;Land Plants","","","PRJNA642435",0.228048,45.4518,"mitochondrion","NC_049003.1/MN544312.1",42,"2020-06-28T00:00:00Z"
"Apium graveolens L.+W99A","Eukaryota;Plants;Land Plants","","","PRJNA772451",0.371275,45.0935,"mitochondrion","NC_058313.1/MK562755.1",140,"2021-10-25T00:00:00Z"
"Aquilaria sinensis","Eukaryota;Plants;Land Plants","","","PRJNA717494",0.341829,45.0093,"mitochondrion","NC_054354.1/MW057771.1",32,"2021-04-15T00:00:00Z"
"Arabidopsis thaliana","Eukaryota;Plants;Land Plants","","","PRJNA116",0.367808,44.7921,"mitochondrion","MT:NC_037304.1/BK010421.1",33,"2018-04-03T00:00:00Z"
"Arabidopsis thaliana","Eukaryota;Plants;Land Plants","","SAMEA7282576","PRJEB40125",0.652063,45.4593,"mitochondrion","MT:LR881472.1",55,"2020-09-11T00:00:00Z"
"Arctium lappa","Eukaryota;Plants;Land Plants","","","PRJNA775510",0.312598,45.4299,"mitochondrion","NC_058644.1/MZ475019.1",131,"2021-11-03T00:00:00Z"
"Arctium tomentosum","Eukaryota;Plants;Land Plants","","","PRJNA775509",0.312609,45.436,"mitochondrion","NC_058643.1/MZ475018.1",130,"2021-11-03T00:00:00Z"
"Asclepias syriaca","Eukaryota;Plants;Land Plants","","","PRJNA221190",0.682498,43.4268,"mitochondrion","NC_022796.1/KF541337.1",37,"2013-11-14T00:00:00Z"
"Asparagus officinalis","Eukaryota;Plants;Land Plants","","","PRJNA387764",0.492062,45.8981,"mitochondrion","NC_053642.1/MT483944.1",36,"2021-03-25T00:00:00Z"
"Astrephomene gubernaculifera","Eukaryota;Plants;Green Algae","NIES-4017","SAMD00236769","PRJDB10253",0.033967,41.293,"mitochondrion","MT:AP024562.1",11,"2021-11-19T00:00:00Z"
"Atrichum angustatum","Eukaryota;Plants;Land Plants","","","PRJNA775138",0.115146,40.5112,"mitochondrion","KC784956.1",40,"2014-07-13T00:00:00Z"
"Aulacomnium turgidum","Eukaryota;Plants;Land Plants","","","PRJNA810095",0.103937,41.1172,"mitochondrion","NC_060995.1/MN233806.1",40,"2022-02-24T00:00:00Z"
"Auxenochlorella protothecoides","Eukaryota;Plants;Green Algae","","","PRJNA271300",0.057274,28.7198,"mitochondrion","NC_026009.1/KC843974.1",39,"2014-12-30T00:00:00Z"
"Auxenochlorella protothecoides UTEX 25","Eukaryota;Plants;Green Algae","UTEX 25","SAMN09439844","PRJNA476562",0.05734,28.6938,"mitochondrion","MT:CM011000.1",0,"2018-11-01T00:00:00Z"
"Avicennia marina","Eukaryota;Plants;Land Plants","PICH2015","SAMN07280510","PRJNA392013",0.578994,44.7445,"mitochondrion","MT:CM032784.1",0,"2021-07-07T00:00:00Z"
"Avicennia marina subsp. marina","Eukaryota;Plants;Land Plants","RG18007","SAMN14766548","PRJNA629068",0.022019,46.4235,"mitochondrion","MT:CM023205.1",0,"2020-05-26T00:00:00Z"
"Bartramia patens","Eukaryota;Plants;Land Plants","","","PRJNA628483",0.106827,38.3096,"mitochondrion","NC_047462.1/MK690472.1",40,"2020-04-26T00:00:00Z"
"Bartramia pomiformis","Eukaryota;Plants;Land Plants","","","PRJNA256358",0.106198,39.0525,"mitochondrion","NC_024519.1/KC784955.1",40,"2014-07-28T00:00:00Z"
"Bathycoccus prasinos RCC 1105","Eukaryota;Plants;Green Algae","RCC 1105","","PRJNA394752",0.043614,40.1087,"mitochondrion","MT:NC_023273.1/",41,"2012-06-21T00:00:00Z"
"Batis maritima","Eukaryota;Plants;Land Plants","","","PRJNA253454",0.40393,45.4121,"mitochondrion","NC_024429.1/KJ820684.1",112,"2014-07-01T00:00:00Z"
"Beta macrocarpa","Eukaryota;Plants;Land Plants","","","PRJNA775094",0.38522,43.8928,"mitochondrion","FQ378026.1",156,"2011-09-05T00:00:00Z"
"Beta vulgaris subsp. maritima","Eukaryota;Plants;Land Plants","","","PRJNA775089",0.36495,43.9074,"mitochondrion","FP885845.1",150,"2011-01-18T00:00:00Z"
"Beta vulgaris subsp. vulgaris","Eukaryota;Plants;Land Plants","","","PRJNA268352",0.368801,43.8578,"mitochondrion","NC_002511.2/",140,"2000-07-27T00:00:00Z"
"Beta vulgaris subsp. vulgaris","Eukaryota;Plants;Land Plants","","","PRJNA775606",0.368801,43.8578,"mitochondrion","BA000009.3",140,"2003-04-26T00:00:00Z"
"Betula pendula","Eukaryota;Plants;Land Plants","","SAMEA104091830","PRJEB14544",0.581505,45.5178,"mitochondrion","MT:LT855379.1",0,"2017-05-25T00:00:00Z"
"Bidens bipinnata","Eukaryota;Plants;Land Plants","","","PRJNA805680",0.198476,45.4342,"mitochondrion","NC_060635.1/MW838189.1",62,"2022-02-11T00:00:00Z"
"Boechera stricta","Eukaryota;Plants;Land Plants","","","PRJNA643029",0.271601,44.9314,"mitochondrion","MH545496.1",31,"2019-04-22T00:00:00Z"
"Bombax ceiba","Eukaryota;Plants;Land Plants","","","PRJNA483615",0.59439,45.0559,"mitochondrion","NC_038052.1/MG788014.1",34,"2018-07-31T00:00:00Z"
"Botryococcus braunii","Eukaryota;Plants;Green Algae","","","PRJNA293059",0.084583,44.2678,"mitochondrion","NC_027722.1/KR057902.1",42,"2015-08-18T00:00:00Z"
"Bougainvillea spectabilis","Eukaryota;Plants;Land Plants","","","PRJNA738099",0.343746,44.0581,"mitochondrion","NC_056281.1/MW167296.1",40,"2021-06-19T00:00:00Z"
"Brachythecium rivulare","Eukaryota;Plants;Land Plants","","","PRJNA344255",0.10446,40.9832,"mitochondrion","NC_031212.1/KR732319.1",46,"2016-09-23T00:00:00Z"
"Bracteacoccus aerius UTEX 1250","Eukaryota;Plants;Green Algae","","","PRJNA259487",0.047158,47.1352,"mitochondrion","NC_024755.1/KJ806265.1",17,"2014-08-26T00:00:00Z"
"Bracteacoccus minor UTEX B66","Eukaryota;Plants;Green Algae","","","PRJNA259488",0.045175,43.0481,"mitochondrion","NC_024756.1/KJ806266.1",21,"2014-08-26T00:00:00Z"
"Brassica carinata","Eukaryota;Plants;Land Plants","","","PRJNA790365",0.232241,45.3271,"mitochondrion","JF920287.1",69,"2011-10-19T00:00:00Z"
"Brassica juncea","Eukaryota;Plants;Land Plants","","","PRJNA74717",0.219766,45.2363,"mitochondrion","NC_016123.1/JF920288.1",78,"2011-10-21T00:00:00Z"
"Brassica napus","Eukaryota;Plants;Land Plants","","","PRJNA293435",0.01164,30.9364,"mitochondrion","linear plasmid:NC_004946.1/",6,"2003-07-07T00:00:00Z"
"Brassica napus","Eukaryota;Plants;Land Plants","","","PRJNA293435",0.221853,45.1858,"mitochondrion","MT:NC_008285.1/",79,"2006-08-14T00:00:00Z"
"Brassica napus","Eukaryota;Plants;Land Plants","","","PRJNA12162",0.01164,30.9364,"mitochondrion","linear plasmid:NC_004946.1/AB073400.1",6,"2003-07-07T00:00:00Z"
"Brassica nigra","Eukaryota;Plants;Land Plants","","","PRJNA311781",0.232407,45.314,"mitochondrion","NC_029182.1/KP030753.1",77,"2016-02-12T00:00:00Z"
"Brassica oleracea","Eukaryota;Plants;Land Plants","","","PRJNA527530",0.360271,45.199,"mitochondrion","JF920286.1",77,"2011-10-19T00:00:00Z"
"Brassica oleracea var. oleracea","Eukaryota;Plants;Land Plants","","","PRJNA293438",0.360271,45.199,"mitochondrion","NC_016118.1/",77,"2011-10-21T00:00:00Z"
"Brassica rapa","Eukaryota;Plants;Land Plants","","","PRJNA648229",0.219736,45.247,"mitochondrion","NC_049892.1/MT409179.1",77,"2020-07-24T00:00:00Z"
"Brassica rapa subsp. oleifera","Eukaryota;Plants;Land Plants","","","PRJNA74703",0.219747,45.2398,"mitochondrion","NC_016125.1/JF920285.1",78,"2011-10-21T00:00:00Z"
"Bruguiera sexangula","Eukaryota;Plants;Land Plants","","","PRJNA738077",0.303026,44.2681,"mitochondrion","NC_056359.1/MT130510.1",37,"2021-06-19T00:00:00Z"
"Bruguiera x rhynchopetala","Eukaryota;Plants;Land Plants","","","PRJNA738092",0.286503,44.2948,"mitochondrion","NC_056360.1/MT130511.1",35,"2021-06-19T00:00:00Z"
"Bucklandiella orthotrichacea","Eukaryota;Plants;Land Plants","","","PRJNA283078",0.107215,39.9319,"mitochondrion","NC_026974.1/KP742835.1",39,"2015-05-05T00:00:00Z"
"Buddleja alternifolia","Eukaryota;Plants;Land Plants","LA-IB0","SAMN13022353","PRJNA577174",0.499191,45.1885,"mitochondrion","MT:CM033409.1",56,"2021-07-30T00:00:00Z"
"Bupleurum falcatum","Eukaryota;Plants;Land Plants","","","PRJNA413072",0.463792,45.1935,"mitochondrion","NC_035962.1/KX887330.1",59,"2017-10-06T00:00:00Z"
"Butomus umbellatus","Eukaryota;Plants;Land Plants","","","PRJNA207567",0.450826,49.0999,"mitochondrion","NC_021399.1/KC208619.1",30,"2013-06-13T00:00:00Z"
"Buxbaumia aphylla","Eukaryota;Plants;Land Plants","","","PRJNA609463",0.100725,40.0764,"mitochondrion","NC_024518.1/KC784954.1",39,"2014-07-28T00:00:00Z"
"Callicladium imponens","Eukaryota;Plants;Land Plants","","","PRJNA775413",0.10383,40.914,"mitochondrion","KC784951.1",40,"2014-07-13T00:00:00Z"
"Calypogeia arguta","Eukaryota;Plants;Land Plants","","","PRJNA413227",0.159061,45.5668,"mitochondrion","NC_035978.1/MF401630.1",42,"2017-10-06T00:00:00Z"
"Calypogeia fissa subsp. neogaea","Eukaryota;Plants;Land Plants","","","PRJNA413253",0.162175,45.3362,"mitochondrion","NC_035980.1/MF401632.1",42,"2017-10-06T00:00:00Z"
"Calypogeia integristipula","Eukaryota;Plants;Land Plants","","","PRJNA413218",0.163057,45.3516,"mitochondrion","NC_035977.1/MF401629.1",42,"2017-10-06T00:00:00Z"
"Calypogeia suecica","Eukaryota;Plants;Land Plants","","","PRJNA413230",0.16196,45.3797,"mitochondrion","NC_035979.1/MF401631.1",42,"2017-10-06T00:00:00Z"
"Calystegia soldanella","Eukaryota;Plants;Land Plants","","","PRJNA805644",0.279265,43.9715,"mitochondrion","NC_060803.1/MZ240725.1",40,"2022-02-11T00:00:00Z"
"Camellia sinensis","Eukaryota;Plants;Land Plants","","","PRJNA555910",0.707441,45.7534,"mitochondrion","NC_043914.1/MH376284.1",32,"2019-07-22T00:00:00Z"
"Cannabis sativa","Eukaryota;Plants;Land Plants","","","PRJNA315284",0.415602,45.5741,"mitochondrion","KU310670.1",35,"2016-04-03T00:00:00Z"
"Cannabis sativa","Eukaryota;Plants;Land Plants","","","PRJNA560384",0.415602,45.5741,"mitochondrion","MT:NC_029855.1/",35,"2016-04-12T00:00:00Z"
"Capsella rubella","Eukaryota;Plants;Land Plants","","","PRJNA550698",0.287405,44.7372,"mitochondrion","NC_042883.1/MH624151.1",32,"2019-06-25T00:00:00Z"
"Capsicum annuum","Eukaryota;Plants;Land Plants","","","PRJNA319678",0.51153,44.5247,"mitochondrion","MT:NC_024624.1/",193,"2014-09-03T00:00:00Z"
"Carallia brachiata","Eukaryota;Plants;Land Plants","","","PRJNA810103",0.16246,35.7596,"mitochondrion","NC_061056.1/OM141003.1",83,"2022-02-24T00:00:00Z"
"Carica papaya","Eukaryota;Plants;Land Plants","","","PRJNA264084",0.47689,45.1171,"mitochondrion","MT:NC_012116.1/",39,"2009-02-24T00:00:00Z"
"Castilleja paramensis","Eukaryota;Plants;Land Plants","","","PRJNA353410",0.495499,43.5204,"mitochondrion","NC_031806.1/KT959112.1",34,"2016-11-14T00:00:00Z"
"Caulerpa ashmeadii","Eukaryota;Plants;Green Algae","","","PRJNA608406",0.197427,54.7316,"mitochondrion","NC_045849.1/MH745227.1",22,"2020-02-24T00:00:00Z"
"Caulerpa lentillifera","Eukaryota;Plants;Green Algae","","","PRJNA484492",0.209034,50.8683,"mitochondrion","NC_038217.1/KX761577.1",59,"2018-08-03T00:00:00Z"
"Chaetosphaeridium globosum","Eukaryota;Plants;Other Plants","","","PRJNA12052",0.056574,34.408,"mitochondrion","NC_004118.1/AF494279.1",46,"2002-08-22T00:00:00Z"
"Chara vulgaris","Eukaryota;Plants;Other Plants","","","PRJNA12181",0.067737,40.8994,"mitochondrion","NC_005255.1/AY267353.1",46,"2003-12-03T00:00:00Z"
"Chenopodium quinoa","Eukaryota;Plants;Land Plants","","","PRJNA527591",0.315003,43.8288,"mitochondrion","NC_041093.1/MK182703.1",30,"2019-03-18T00:00:00Z"
"Chionoloma tenuirostre","Eukaryota;Plants;Land Plants","","","PRJNA298168",0.105001,39.152,"mitochondrion","NC_028040.1/KT326816.1",39,"2015-10-08T00:00:00Z"
"Chlamydomonas leiostraca SAG 11-49","Eukaryota;Plants;Green Algae","","","PRJNA276217",0.014029,38.9621,"mitochondrion","NC_026573.1/KP696389.1",7,"2015-03-27T00:00:00Z"
"Chlamydomonas moewusii UTEX 9","Eukaryota;Plants;Green Algae","","","PRJNA11840",0.022897,34.6072,"mitochondrion","NC_001872.1/AF008237.1",14,"1998-02-11T00:00:00Z"
"Chlorella sorokiniana","Eukaryota;Plants;Green Algae","","","PRJNA257605",0.052528,29.1064,"mitochondrion","NC_024626.1/KJ742377.1",33,"2014-08-06T00:00:00Z"
"Chlorella sorokiniana 1602","Eukaryota;Plants;Green Algae","1602","SAMN03890866","PRJNA290386",0.072121,30.5417,"mitochondrion","MT:CM009641.1",0,"2018-03-16T00:00:00Z"
"Chlorella variabilis","Eukaryota;Plants;Green Algae","","","PRJNA265997",0.0785,28.1707,"mitochondrion","NC_025413.1/KM252919.1",32,"2014-11-10T00:00:00Z"
"Chlorella vulgaris NJ-7","Eukaryota;Plants;Green Algae","","","PRJNA595309",0.087477,29.9862,"mitochondrion","NC_045362.1/MK948101.1",35,"2019-12-12T00:00:00Z"
"Chlorokybus atmophyticus SAG 48.80","Eukaryota;Plants;Other Plants","","","PRJNA20009",0.201763,39.7982,"mitochondrion","NC_009630.1/EF463011.1",58,"2007-07-03T00:00:00Z"
"Chloroparvula japonica","Eukaryota;Plants;Green Algae","","","PRJNA546408",0.040432,39.8546,"mitochondrion","NC_042601.1/MK086007.1",36,"2019-06-25T00:00:00Z"
"Chloroparvula pacifica","Eukaryota;Plants;Green Algae","","","PRJNA546388",0.049744,35.7671,"mitochondrion","NC_042603.1/MK086011.1",38,"2019-06-25T00:00:00Z"
"Chloropicon laureae","Eukaryota;Plants;Green Algae","","","PRJNA546342",0.037769,37.2475,"mitochondrion","NC_042492.1/MK086001.1",35,"2019-06-06T00:00:00Z"
"Chloropicon mariensis","Eukaryota;Plants;Green Algae","","","PRJNA546398",0.035545,36.7928,"mitochondrion","NC_042600.1/MK086005.1",34,"2019-06-25T00:00:00Z"
"Chloropicon maureeniae","Eukaryota;Plants;Green Algae","","","PRJNA546407",0.036041,38.5505,"mitochondrion","NC_042602.1/MK086008.1",36,"2019-06-25T00:00:00Z"
"Chloropicon primus","Eukaryota;Plants;Green Algae","","","PRJNA546393",0.037892,37.2717,"mitochondrion","NC_042490.1/MK085998.1",35,"2019-06-06T00:00:00Z"
"Chloropicon roscoffensis","Eukaryota;Plants;Green Algae","","","PRJNA546404",0.038736,38.1067,"mitochondrion","NC_042599.1/MK086004.1",34,"2019-06-25T00:00:00Z"
"Chloropicon sieburthii","Eukaryota;Plants;Green Algae","","","PRJNA546394",0.037591,37.8282,"mitochondrion","NC_042598.1/MK086003.1",35,"2019-06-25T00:00:00Z"
"Chlorosarcinopsis eremi MKA.28","Eukaryota;Plants;Green Algae","","","PRJNA541596",0.024905,38.426,"mitochondrion","MH665695.1",7,"2019-02-26T00:00:00Z"
"Chlorotetraedron incus SAG 43.81","Eukaryota;Plants;Green Algae","","","PRJNA259492",0.038406,37.7129,"mitochondrion","NC_024757.1/KJ806267.1",16,"2014-08-26T00:00:00Z"
"Chorisodontium aciphyllum","Eukaryota;Plants;Land Plants","","","PRJNA661796",0.105766,40.2766,"mitochondrion","NC_050308.1/MK651511.1",40,"2020-09-15T00:00:00Z"
"Chromochloris zofingiensis UTEX 56","Eukaryota;Plants;Green Algae","","","PRJNA259489",0.04484,35.0134,"mitochondrion","NC_024758.1/KJ806268.1",17,"2014-08-26T00:00:00Z"
"Chrysanthemum boreale","Eukaryota;Plants;Land Plants","","","PRJNA453211",0.211002,45.3588,"mitochondrion","NC_039757.1/MH004292.1",32,"2018-11-09T00:00:00Z"
"Chrysopogon zizanioides","Eukaryota;Plants;Land Plants","","","PRJNA737826",0.551622,43.609,"mitochondrion","NC_056367.1/MN635785.1",76,"2021-06-19T00:00:00Z"
"Citrullus lanatus","Eukaryota;Plants;Land Plants","","","PRJNA48019",0.379236,45.0788,"mitochondrion","NC_014043.1/GQ856147.1",39,"2010-04-27T00:00:00Z"
"Citrus maxima","Eukaryota;Plants;Land Plants","","","PRJNA755088",0.538434,45.0243,"mitochondrion","NC_057143.1/MN946544.1",36,"2021-08-31T00:00:00Z"
"Citrus sinensis","Eukaryota;Plants;Land Plants","","","PRJNA453239",0.640906,43.893,"mitochondrion","NC_037463.1/MG736621.1",33,"2018-04-24T00:00:00Z"
"Citrus unshiu","Eukaryota;Plants;Land Plants","","","PRJNA755112",0.521559,45.0553,"mitochondrion","NC_057142.1/MN946543.1",35,"2021-08-31T00:00:00Z"
"Climacium americanum","Eukaryota;Plants;Land Plants","","","PRJNA256354",0.105048,41.0517,"mitochondrion","NC_024515.1/KC784950.1",40,"2014-07-28T00:00:00Z"
"Climacium dendroides","Eukaryota;Plants;Land Plants","","","PRJNA684301",0.10486,41.0538,"mitochondrion","NC_053886.1/MN942036.1",40,"2021-03-26T00:00:00Z"
"Closterium baillyanum","Eukaryota;Plants;Other Plants","","","PRJNA229037",0.152089,39.6314,"mitochondrion","NC_022860.1/KF060940.1",49,"2013-11-19T00:00:00Z"
"Coccomyxa sp. Obi","Eukaryota;Plants;Green Algae","","SAMD00209879","PRJDB9433",0.064287,42.0334,"mitochondrion","MT:AP025007.1",38,"2021-10-05T00:00:00Z"
"Coccomyxa subellipsoidea C-169","Eukaryota;Plants;Green Algae","","","PRJNA65029",0.065497,53.1505,"mitochondrion","NC_015316.1/HQ874522.1",31,"2011-03-29T00:00:00Z"
"Cocos nucifera","Eukaryota;Plants;Land Plants","","","PRJNA352235",0.678653,45.5224,"mitochondrion","NC_031696.1/KX028885.1",81,"2016-11-04T00:00:00Z"
"Codium fragile","Eukaryota;Plants;Green Algae","","","PRJNA636437",0.045971,32.092,"mitochondrion","NC_048526.1/MT050449.1",31,"2020-06-01T00:00:00Z"
"Codonopsis lanceolata","Eukaryota;Plants;Land Plants","","","PRJNA479322",0.403704,42.9367,"mitochondrion","NC_037949.1/MG775430.1",31,"2018-07-05T00:00:00Z"
"Codriophorus aciculare","Eukaryota;Plants;Land Plants","","","PRJNA280323",0.106818,39.7349,"mitochondrion","NC_026784.1/KP453983.1",39,"2015-04-08T00:00:00Z"
"Coleochaete scutata","Eukaryota;Plants;Other Plants","","","PRJNA325975",0.242024,42.892,"mitochondrion","NC_045180.1/MN613583.1",80,"2019-11-18T00:00:00Z"
"Corchorus capsularis JRC-212","Eukaryota;Plants;Land Plants","","SAMN04099182","PRJNA563405",1.9996,43.4721,"mitochondrion","KT894204.1",37,"2016-09-25T00:00:00Z"
"Corchorus olitorius JRO-524","Eukaryota;Plants;Land Plants","","SAMN04099183","PRJNA563377",1.82934,42.8498,"mitochondrion","KT894205.1",35,"2016-09-25T00:00:00Z"
"Coriandrum sativum","Eukaryota;Plants;Land Plants","","","PRJNA790323",0.082926,44.8243,"mitochondrion","1:NC_059794.1/MW477237.1",14,"2022-01-04T00:00:00Z"
"Cucumis sativus","Eukaryota;Plants;Land Plants","","","PRJNA182750",0.083817,44.627,"mitochondrion","2:NC_016004.1/",0,"2011-09-13T00:00:00Z"
"Cucumis sativus","Eukaryota;Plants;Land Plants","","","PRJNA182750",1.55594,44.2729,"mitochondrion","1:NC_016005.1/",37,"2011-09-14T00:00:00Z"
"Cucumis sativus","Eukaryota;Plants;Land Plants","","","PRJNA182750",0.04484,44.2306,"mitochondrion","3:NC_016006.1/",0,"2011-09-13T00:00:00Z"
"Cucurbita pepo subsp. pepo","Eukaryota;Plants;Land Plants","","","PRJNA421955",0.982833,42.7964,"mitochondrion","MT:NC_014050.1/",38,"2010-04-27T00:00:00Z"
"Cuscuta japonica","Eukaryota;Plants;Land Plants","","","PRJNA805569",0.813731,44.3534,"mitochondrion","NC_060804.1/MZ240726.1",37,"2022-02-11T00:00:00Z"
"Cycas taitungensis","Eukaryota;Plants;Land Plants","","","PRJNA28691",0.414903,46.9189,"mitochondrion","NC_010303.1/AP009381.1",39,"2008-02-05T00:00:00Z"
"Cymbomonas tetramitiformis PLY262","Eukaryota;Plants;Green Algae","","","PRJNA321883",0.07352,37.768,"mitochondrion","NC_036614.1/KX013548.1",31,"2018-01-17T00:00:00Z"
"Cynanchum auriculatum","Eukaryota;Plants;Land Plants","","","PRJNA532043",0.426495,43.9353,"mitochondrion","2:NC_041494.1/MH410147.1",25,"2019-04-10T00:00:00Z"
"Cyperus esculentus","Eukaryota;Plants;Land Plants","","","PRJNA775539",1.0027,40.7744,"mitochondrion","NC_058697.1/MW542206.1",36,"2021-11-03T00:00:00Z"
"Daucus carota subsp. sativus","Eukaryota;Plants;Land Plants","","SAMN03766320","PRJNA326436",0.281132,45.4185,"mitochondrion","MT:NC_017855.1/",90,"2012-05-09T00:00:00Z"
"Dilutineuron laevigatum","Eukaryota;Plants;Land Plants","","","PRJNA270413",0.106809,39.7448,"mitochondrion","NC_025931.1/KM506905.1",39,"2014-12-18T00:00:00Z"
"Diplophyllum taxifolium","Eukaryota;Plants;Land Plants","","","PRJNA717629",0.144129,45.0541,"mitochondrion","NC_054215.1/MW091501.1",42,"2021-04-15T00:00:00Z"
"Diplostephium hartwegii","Eukaryota;Plants;Land Plants","","SAMN04076364","PRJNA383512",0.277718,44.893,"mitochondrion","NC_034354.1/KX063855.1",35,"2017-04-19T00:00:00Z"
"Dorcoceras hygrometricum","Eukaryota;Plants;Land Plants","","","PRJNA81387",0.510519,43.2717,"mitochondrion","NC_016741.1/JN107812.1",32,"2012-02-22T00:00:00Z"
"Douinia plicata","Eukaryota;Plants;Land Plants","","","PRJNA717497",0.144205,45.0948,"mitochondrion","NC_054214.1/MW091500.1",42,"2021-04-15T00:00:00Z"
"Dumortiera hirsuta","Eukaryota;Plants;Land Plants","","","PRJNA550683",0.178019,42.2258,"mitochondrion","NC_042873.1/MK284524.1",41,"2019-06-25T00:00:00Z"
"Dunaliella salina CCAP 19/18","Eukaryota;Plants;Green Algae","","","PRJNA39305",0.028331,34.4217,"mitochondrion","NC_012930.1/GQ250045.1",9,"2009-07-16T00:00:00Z"
"Dunaliella viridis CCM-UDEC 002","Eukaryota;Plants;Green Algae","","","PRJNA276208",0.04598,47.09,"mitochondrion","NC_026571.1/KP691602.1",8,"2015-03-20T00:00:00Z"
"Edaphochlamys debaryana CCAP 11/70","Eukaryota;Plants;Green Algae","","","PRJNA708128",0.019319,44.7125,"mitochondrion","NC_053575.1/MT872348.1",8,"2021-03-25T00:00:00Z"
"Eleusine indica","Eukaryota;Plants;Land Plants","","","PRJNA328747",0.520691,43.298,"mitochondrion","NC_040989.1/MF616338.1",34,"2019-02-27T00:00:00Z"
"Entransia fimbriata","Eukaryota;Plants;Other Plants","","","PRJNA229032",0.061645,42.7042,"mitochondrion","NC_022861.1/KF060941.1",35,"2013-11-19T00:00:00Z"
"Epirixanthes elongata","Eukaryota;Plants;Land Plants","","","PRJNA609503",0.365168,43.9639,"mitochondrion","NC_046014.1/MG783394.1",34,"2020-03-07T00:00:00Z"
"Erythranthe guttata","Eukaryota;Plants;Land Plants","","","PRJNA285087",0.525671,45.1415,"mitochondrion","MT:NC_018041.1/",41,"2012-06-14T00:00:00Z"
"Eucalyptus grandis","Eukaryota;Plants;Land Plants","ANBG69807.140","","PRJNA698663",0.478813,44.8334,"mitochondrion","MT:NC_040010.1/",38,"2018-12-03T00:00:00Z"
"Euonymus alatus","Eukaryota;Plants;Land Plants","","","PRJNA707672",1.04511,44.988,"mitochondrion","NC_053921.1/MW009108.1",41,"2021-03-26T00:00:00Z"
"Evolvulus alsinoides","Eukaryota;Plants;Land Plants","","","PRJNA775504",0.344184,43.7554,"mitochondrion","NC_058741.1/MT081228.2",34,"2021-11-03T00:00:00Z"
"Fagus sylvatica","Eukaryota;Plants;Land Plants","","","PRJNA672534",0.504715,45.8479,"mitochondrion","NC_050960.1/MT446430.1",57,"2020-10-27T00:00:00Z"
"Fossombronia foveolata","Eukaryota;Plants;Land Plants","","","PRJNA555970",0.175222,45.169,"mitochondrion","NC_043887.1/MK749462.1",42,"2019-07-22T00:00:00Z"
"Fragaria orientalis","Eukaryota;Plants;Land Plants","","","PRJNA759978",0.275143,45.2368,"mitochondrion","NC_057524.1/MW464867.1",29,"2021-09-09T00:00:00Z"
"Frisvollia varia","Eukaryota;Plants;Land Plants","","","PRJNA281845",0.106358,39.7366,"mitochondrion","NC_026891.1/KP687247.1",39,"2015-04-22T00:00:00Z"
"Funaria hygrometrica","Eukaryota;Plants;Land Plants","","","PRJNA775258",0.109586,40.3948,"mitochondrion","KC784959.1",40,"2014-07-13T00:00:00Z"
"Geranium maderense","Eukaryota;Plants;Land Plants","","","PRJNA283070",0.737091,42.3161,"mitochondrion","NC_027000.1/KP940515.1",27,"2015-05-05T00:00:00Z"
"Ginkgo biloba","Eukaryota;Plants;Land Plants","","","PRJNA298004",0.346544,50.3581,"mitochondrion","NC_027976.1/KM672373.1",40,"2015-10-07T00:00:00Z"
"Gleditsia sinensis","Eukaryota;Plants;Land Plants","","","PRJNA772428",0.594121,45.2659,"mitochondrion","NC_058235.1/MT921986.1",35,"2021-10-25T00:00:00Z"
"Glycine max","Eukaryota;Plants;Land Plants","","SAMN09379531","PRJNA475162",0.513779,45.1554,"mitochondrion","MT:CM021415.1",0,"2020-02-21T00:00:00Z"
"Glycine max","Eukaryota;Plants;Land Plants","","","PRJNA48389",0.402558,45.0308,"mitochondrion","MT:NC_020455.1/",88,"2013-04-08T00:00:00Z"
"Glycine max","Eukaryota;Plants;Land Plants","","SAMN18570909","PRJNA718574",0.402558,45.0308,"mitochondrion","MT:CM033153.1",0,"2021-07-22T00:00:00Z"
"Glycine soja","Eukaryota;Plants;Land Plants","","","PRJNA525136",0.402545,45.0288,"mitochondrion","MT:NC_039768.1/",88,"2018-11-09T00:00:00Z"
"Glycyrrhiza uralensis","Eukaryota;Plants;Land Plants","","","PRJNA708062",0.463869,45.1944,"mitochondrion","NC_053919.1/MW013322.1",40,"2021-03-26T00:00:00Z"
"Gonatozygon brebissonii","Eukaryota;Plants;Other Plants","","","PRJNA624614",0.131939,38.2298,"mitochondrion","NC_046951.1/MK720950.1",45,"2020-04-10T00:00:00Z"
"Gonium pectorale","Eukaryota;Plants;Green Algae","","","PRJNA191542",0.015993,38.7419,"mitochondrion","NC_020437.1/AP012493.1",8,"2013-03-04T00:00:00Z"
"Gossypium arboreum","Eukaryota;Plants;Land Plants","","","PRJNA390630",0.687482,44.9444,"mitochondrion","NC_035073.1/KR736342.1",39,"2017-06-15T00:00:00Z"
"Gossypium barbadense","Eukaryota;Plants;Land Plants","","","PRJNA301185",0.677434,44.9774,"mitochondrion","NC_028254.1/KP898249.1",36,"2015-11-04T00:00:00Z"
"Gossypium davidsonii","Eukaryota;Plants;Land Plants","","","PRJNA362453",0.644311,44.941,"mitochondrion","NC_035075.1/KR736344.1",36,"2017-06-15T00:00:00Z"
"Gossypium harknessii","Eukaryota;Plants;Land Plants","","","PRJNA287945",0.666081,44.9807,"mitochondrion","NC_027407.1/JX944506.1",33,"2015-06-24T00:00:00Z"
"Gossypium hirsutum","Eukaryota;Plants;Land Plants","1008001.06","","PRJNA713846",0.668584,44.9776,"mitochondrion","MT:NC_027406.1/",34,"2015-06-24T00:00:00Z"
"Gossypium raimondii","Eukaryota;Plants;Land Plants","","","PRJNA320118",0.676078,44.9461,"mitochondrion","NC_029998.1/KU317325.1",39,"2016-04-29T00:00:00Z"
"Gossypium thurberi","Eukaryota;Plants;Land Plants","","","PRJNA390629",0.644395,44.9186,"mitochondrion","NC_035074.1/KR736343.1",36,"2017-12-18T00:00:00Z"
"Gossypium trilobum","Eukaryota;Plants;Land Plants","","","PRJNA362378",0.64446,44.9187,"mitochondrion","NC_035076.1/KR736346.1",36,"2017-06-15T00:00:00Z"
"Gymnomitrion concinnatum","Eukaryota;Plants;Land Plants","","","PRJNA509841",0.162572,44.7322,"mitochondrion","NC_040132.1/MH705065.1",42,"2018-12-14T00:00:00Z"
"Haematococcus lacustris UTEX 2505","Eukaryota;Plants;Green Algae","","","PRJNA573218",0.124604,51.3362,"mitochondrion","NC_044670.1/MK878592.1",7,"2019-09-21T00:00:00Z"
"Haematoxylum brasiletto","Eukaryota;Plants;Land Plants","","","PRJNA579662",0.631094,44.9399,"mitochondrion","NC_045040.1/MN017229.1",42,"2019-10-29T00:00:00Z"
"Haplomitrium hookeri","Eukaryota;Plants;Land Plants","","","PRJNA555915",0.174448,47.6297,"mitochondrion","NC_043889.1/MK749465.1",43,"2019-07-22T00:00:00Z"
"Helianthus annuus","Eukaryota;Plants;Land Plants","","","PRJNA396063",0.300945,45.0474,"mitochondrion","MT:NC_023337.1/CM007908.2",26,"2014-01-24T00:00:00Z"
"Helianthus grosseserratus","Eukaryota;Plants;Land Plants","","","PRJNA684299",0.273543,45.0606,"mitochondrion","NC_051989.1/MT588180.1",38,"2020-12-10T00:00:00Z"
"Helianthus occidentalis","Eukaryota;Plants;Land Plants","","","PRJNA775400",0.281175,45.2266,"mitochondrion","NC_058584.1/MZ147621.1",50,"2021-11-03T00:00:00Z"
"Helianthus strumosus","Eukaryota;Plants;Land Plants","","","PRJNA684268",0.281056,45.3668,"mitochondrion","NC_051990.1/MT588181.1",43,"2020-12-10T00:00:00Z"
"Helianthus tuberosus","Eukaryota;Plants;Land Plants","","","PRJNA775508",0.281287,45.2101,"mitochondrion","NC_058585.1/MZ147622.1",50,"2021-11-03T00:00:00Z"
"Helicosporidium sp. ex Simulium jonesi ATCC 50920","Eukaryota;Plants;Green Algae","","","PRJNA162613",0.049343,25.5923,"mitochondrion","NC_017841.1/GQ339576.1",37,"2012-05-09T00:00:00Z"
"Hepatica maxima","Eukaryota;Plants;Land Plants","","","PRJNA608308",1.12255,46.2149,"mitochondrion","NC_053368.1/MT568500.1",40,"2021-03-09T00:00:00Z"
"Hesperelaea palmeri","Eukaryota;Plants;Land Plants","","","PRJNA345035",0.658522,44.4719,"mitochondrion","NC_031323.1/KX545367.1",48,"2016-10-01T00:00:00Z"
"Hibiscus cannabinus","Eukaryota;Plants;Land Plants","","","PRJNA399934",0.569915,44.9121,"mitochondrion","NC_035549.1/MF163174.1",37,"2017-08-24T00:00:00Z"
"Hyoscyamus niger","Eukaryota;Plants;Land Plants","","","PRJNA276245",0.501401,45.1798,"mitochondrion","NC_026515.1/KM207685.1",38,"2015-04-22T00:00:00Z"
"Ilex pubescens","Eukaryota;Plants;Land Plants","","","PRJNA754991",0.51752,45.5521,"mitochondrion","MK714017.1",34,"2019-09-18T00:00:00Z"
"Ipomoea nil","Eukaryota;Plants;Land Plants","","SAMD00022859","PRJNA344313",0.265768,44.4497,"mitochondrion","MT:NC_031158.1/AP017303.1",30,"2016-10-07T00:00:00Z"
"Jaagichlorella hainangensis","Eukaryota;Plants;Green Algae","","","PRJNA642530",0.054084,31.0277,"mitochondrion","NC_048968.1/MN966687.1",30,"2020-06-28T00:00:00Z"
"Jaagichlorella roystonensis","Eukaryota;Plants;Green Algae","","","PRJNA609520",0.130507,34.1484,"mitochondrion","NC_046060.1/MN934958.1",64,"2020-03-07T00:00:00Z"
"Jenufa minuta","Eukaryota;Plants;Green Algae","","","PRJNA304793",0.041488,32.2864,"mitochondrion","NC_046780.1/MN933932.1",15,"2020-04-10T00:00:00Z"
"Jenufa perforata","Eukaryota;Plants;Green Algae","","","PRJNA304794",0.027198,31.4361,"mitochondrion","NC_046779.1/MN933931.1",13,"2020-04-10T00:00:00Z"
"Klebsormidium nitens NIES-2285","Eukaryota;Plants;Other Plants","NIES-2285","SAMD00000399","PRJDB718",0.106468,40.9052,"mitochondrion","MT:DF238763.1",35,"2014-05-31T00:00:00Z"
"Lactuca saligna CGN5271","Eukaryota;Plants;Land Plants","","","PRJNA546324",0.368269,45.2012,"mitochondrion","NC_042406.1/MK759657.1",39,"2019-06-06T00:00:00Z"
"Lactuca sativa","Eukaryota;Plants;Land Plants","","","PRJNA432228",0.363324,45.3548,"mitochondrion","MT:NC_042756.1/",37,"2019-06-25T00:00:00Z"
"Lagerstroemia indica","Eukaryota;Plants;Land Plants","","","PRJNA400039",0.333948,46.3174,"mitochondrion","NC_035616.1/KX641464.1",36,"2017-08-24T00:00:00Z"
"Leiosporoceros dussii","Eukaryota;Plants;Land Plants","","","PRJNA504279",0.212153,44.2421,"mitochondrion","NC_039751.1/MH577300.1",23,"2018-11-09T00:00:00Z"
"Leucaena trichandra","Eukaryota;Plants;Land Plants","","","PRJNA306324",0.722009,44.9166,"mitochondrion","NC_039738.1/MH717173.1",38,"2018-11-09T00:00:00Z"
"Lewinskya speciosa","Eukaryota;Plants;Land Plants","","","PRJNA272039",0.104747,39.7692,"mitochondrion","NC_026121.1/KM288416.1",40,"2015-01-13T00:00:00Z"
"Libidibia coriaria","Eukaryota;Plants;Land Plants","","","PRJNA579658",0.601574,45.1808,"mitochondrion","NC_045039.1/MN017228.1",39,"2019-10-29T00:00:00Z"
"Liriodendron tulipifera","Eukaryota;Plants;Land Plants","","","PRJNA198787",0.553721,47.7038,"mitochondrion","NC_021152.1/KC821969.1",42,"2013-04-30T00:00:00Z"
"Lobosphaera incisa SAG 2468","Eukaryota;Plants;Green Algae","","","PRJNA283614",0.069997,35.9715,"mitochondrion","NC_027060.1/KP902678.1",34,"2015-05-14T00:00:00Z"
"Lotus japonicus","Eukaryota;Plants;Land Plants","","","PRJNA81391",0.380861,45.395,"mitochondrion","NC_016743.2/JN872551.2",34,"2012-01-17T00:00:00Z"
"Luffa acutangula","Eukaryota;Plants;Land Plants","","","PRJNA650435",0.460333,43.8735,"mitochondrion","NC_050067.1/MT374097.1",54,"2020-08-03T00:00:00Z"
"Macadamia integrifolia","Eukaryota;Plants;Land Plants","","","PRJNA775103",0.682814,47.22,"mitochondrion","NC_058888.1/MT588300.1",42,"2021-11-03T00:00:00Z"
"Magnolia biondii","Eukaryota;Plants;Land Plants","","","PRJNA642485",0.9671,46.656,"mitochondrion","NC_049134.1/MN206019.1",42,"2020-06-28T00:00:00Z"
"Malania oleifera","Eukaryota;Plants;Land Plants","","","PRJNA707670",0.527575,45.6428,"mitochondrion","NC_053625.1/MT902145.1",51,"2021-03-25T00:00:00Z"
"Malus domestica","Eukaryota;Plants;Land Plants","X9273 #13","","PRJNA534520",0.396947,45.4018,"mitochondrion","MT:NC_018554.1/",33,"2012-08-16T00:00:00Z"
"Mangifera indica","Eukaryota;Plants;Land Plants","","SAMN09899728","PRJNA771370",0.871458,44.4163,"mitochondrion","MT:CM021857.1",0,"2020-03-10T00:00:00Z"
"Mangifera longipes","Eukaryota;Plants;Land Plants","","","PRJNA810165",0.728635,44.603,"mitochondrion","NC_060990.1/MZ751075.1",34,"2022-02-24T00:00:00Z"
"Manihot esculenta","Eukaryota;Plants;Land Plants","","","PRJNA394209",0.68284,44.4697,"mitochondrion","MT:NC_045136.1/",32,"2019-11-05T00:00:00Z"
"Marchantia polymorpha","Eukaryota;Plants;Land Plants","","","PRJNA11818",0.186609,42.409,"mitochondrion","NC_001660.1/M68929.1",76,"1993-08-04T00:00:00Z"
"Marchantia polymorpha subsp. ruderalis Kitashirakawa-2","Eukaryota;Plants;Land Plants","","SAMD00012128","PRJNA453301",0.186196,42.6287,"mitochondrion","NC_037508.1/LC192147.1",65,"2018-04-24T00:00:00Z"
"Medicago truncatula","Eukaryota;Plants;Land Plants","","","PRJNA702529",0.271618,45.3895,"mitochondrion","MT:NC_029641.1/",31,"2016-03-09T00:00:00Z"
"Melicope pteleifolia","Eukaryota;Plants;Land Plants","","","PRJNA707792",0.159012,38.3298,"mitochondrion","MT784750.1",83,"2020-09-23T00:00:00Z"
"Mesostigma viride NIES-296","Eukaryota;Plants;Other Plants","","","PRJNA12234",0.042424,32.2129,"mitochondrion","NC_008240.1/AF353999.1",41,"2006-07-07T00:00:00Z"
"Metzgeria furcata","Eukaryota;Plants;Land Plants","","","PRJNA555916",0.171891,46.7005,"mitochondrion","NC_043888.1/MK749464.1",42,"2019-07-22T00:00:00Z"
"Micractinium conductrix SAG 241.80","Eukaryota;Plants;Green Algae","SAG 241.80","SAMN03863807","PRJNA290385",0.095661,29.6579,"mitochondrion","MT:CM009643.1",0,"2018-03-21T00:00:00Z"
"Micractinium variabile KSF0031","Eukaryota;Plants;Green Algae","","","PRJNA805876",0.065047,28.5394,"mitochondrion","NC_060308.1/MT332838.1",32,"2022-02-11T00:00:00Z"
"Micromonas commoda RCC299","Eukaryota;Plants;Green Algae","RCC299","","PRJNA39769",0.047425,34.5788,"mitochondrion","MT:NC_012643.1/FJ859351.1",39,"2009-05-01T00:00:00Z"
"Microspora stagnorum","Eukaryota;Plants;Green Algae","","","PRJNA229030",0.087405,40.8947,"mitochondrion","NC_022862.1/KF060942.1",47,"2013-12-06T00:00:00Z"
"Mielichhoferia elongata","Eukaryota;Plants;Land Plants","","","PRJNA435375",0.100342,39.8188,"mitochondrion","NC_036945.1/MF417767.1",39,"2018-02-22T00:00:00Z"
"Mirabilis himalaica","Eukaryota;Plants;Land Plants","","","PRJNA642468",0.346363,44.6506,"mitochondrion","NC_048974.1/MT535663.1",41,"2020-06-28T00:00:00Z"
"Mirabilis jalapa","Eukaryota;Plants;Land Plants","","","PRJNA747486",0.267334,44.7515,"mitochondrion","NC_056991.1/MW295642.1",40,"2021-08-31T00:00:00Z"
"Monomastix sp. OKE-1","Eukaryota;Plants;Green Algae","","","PRJNA227468",0.060883,40.1261,"mitochondrion","NC_022797.1/KF060939.1",58,"2013-12-06T00:00:00Z"
"Monoraphidium neglectum SAG 48.87","Eukaryota;Plants;Green Algae","SAG 48.87","SAMN02981574","PRJNA293989",0.09384,45.5318,"mitochondrion","MT:NW_014013625.1/CM002677.1",17,"2015-09-10T00:00:00Z"
"Morus notabilis","Eukaryota;Plants;Land Plants","","","PRJNA527566",0.362069,45.6587,"mitochondrion","NC_041177.1/MK301435.1",26,"2019-03-18T00:00:00Z"
"Mychonastes homosphaera CAUP H6502","Eukaryota;Plants;Green Algae","","","PRJNA259490",0.025149,42.9679,"mitochondrion","NC_024760.1/KJ806270.1",13,"2014-08-26T00:00:00Z"
"Myurella julacea","Eukaryota;Plants;Land Plants","","","PRJNA703114",0.104979,41.0892,"mitochondrion","NC_054351.1/MT850126.1",40,"2021-04-15T00:00:00Z"
"Nelumbo nucifera","Eukaryota;Plants;Land Plants","","","PRJNA339066",0.524797,48.1554,"mitochondrion","NC_030753.1/KR610474.1",44,"2016-08-16T00:00:00Z"
"Neochloris aquatica UTEX 138","Eukaryota;Plants;Green Algae","","","PRJNA259491",0.038021,34.381,"mitochondrion","NC_024761.1/KJ806271.1",15,"2014-08-26T00:00:00Z"
"Nepenthes ventricosa x Nepenthes alata","Eukaryota;Plants;Land Plants","","","PRJNA496130",0.520764,44.1738,"mitochondrion","NC_039531.1/MH798871.1",37,"2018-11-06T00:00:00Z"
"Nephroselmis olivacea NIES-484","Eukaryota;Plants;Green Algae","","","PRJNA12233",0.045223,32.8041,"mitochondrion","NC_008239.1/AF110138.1",40,"2006-07-07T00:00:00Z"
"Nicotiana attenuata","Eukaryota;Plants;Land Plants","","","PRJNA412786",0.394341,45.0498,"mitochondrion","NC_036467.1/MF579563.1",40,"2017-12-18T00:00:00Z"
"Nicotiana tabacum","Eukaryota;Plants;Land Plants","","","PRJNA319578",0.430597,44.9587,"mitochondrion","MT:NC_006581.1/",156,"2005-01-04T00:00:00Z"
"Niphotrichum elongatum","Eukaryota;Plants;Land Plants","","","PRJNA281860",0.106746,39.7158,"mitochondrion","NC_026890.1/KP687246.1",39,"2015-04-22T00:00:00Z"
"Niphotrichum ericoides","Eukaryota;Plants;Land Plants","","","PRJNA276233",0.106727,39.7069,"mitochondrion","NC_026540.1/KP233863.1",39,"2015-03-27T00:00:00Z"
"Nitella hyalina","Eukaryota;Plants;Other Plants","","","PRJNA158441",0.080193,40.8315,"mitochondrion","NC_017598.1/JF810595.1",48,"2012-04-23T00:00:00Z"
"Nothoceros aenigmaticus","Eukaryota;Plants;Land Plants","","","PRJNA37855",0.184908,46.0072,"mitochondrion","NC_012651.1/EU660574.1",48,"2009-05-01T00:00:00Z"
"Nymphaea colorata","Eukaryota;Plants;Land Plants","Beijing-Zhang1983","","PRJNA587754",0.617195,45.1101,"mitochondrion","MT:NC_037468.1/",42,"2018-04-24T00:00:00Z"
"Nymphaea colorata","Eukaryota;Plants;Land Plants","","","PRJNA760165",0.617195,45.1101,"mitochondrion","KY889142.1",42,"2018-04-10T00:00:00Z"
"Nymphaea hybrid cultivar","Eukaryota;Plants;Land Plants","","","PRJNA806090",0.335042,48.6652,"mitochondrion","NC_060361.1/MW644617.1",42,"2022-02-11T00:00:00Z"
"Olea europaea subsp. europaea","Eukaryota;Plants;Land Plants","","SAMEA2250784","PRJEB35540",0.755572,44.6235,"mitochondrion","Mt:LR743801.1",52,"2020-09-28T00:00:00Z"
"Oltmannsiellopsis viridis","Eukaryota;Plants;Green Algae","","","PRJNA16997",0.056761,33.3944,"mitochondrion","NC_008256.1/DQ365900.1",36,"2006-07-28T00:00:00Z"
"Ophioglossum californicum","Eukaryota;Plants;Land Plants","","","PRJNA342815",0.372339,52.218,"mitochondrion","NC_030900.1/KX171637.1",37,"2016-09-19T00:00:00Z"
"Ormosia boluoensis","Eukaryota;Plants;Land Plants","","","PRJNA790257",0.248619,45.2222,"mitochondrion","NC_059804.1/MW455117.1",25,"2022-01-04T00:00:00Z"
"Orthotrichum bicolor","Eukaryota;Plants;Land Plants","","","PRJNA348015",0.104736,39.7781,"mitochondrion","NC_031389.1/KX578028.1",40,"2016-10-13T00:00:00Z"
"Orthotrichum callistomum","Eukaryota;Plants;Land Plants","","","PRJNA348014",0.104785,39.7805,"mitochondrion","NC_031390.1/KX578029.1",40,"2016-10-13T00:00:00Z"
"Orthotrichum diaphanum","Eukaryota;Plants;Land Plants","","","PRJNA313675",0.104744,39.7646,"mitochondrion","NC_029356.1/KT823697.1",40,"2016-03-01T00:00:00Z"
"Orthotrichum gymnostomum","Eukaryota;Plants;Land Plants","","","PRJNA348031",0.104638,39.6969,"mitochondrion","NC_031391.1/KX578030.1",40,"2016-10-13T00:00:00Z"
"Orthotrichum macrocephalum","Eukaryota;Plants;Land Plants","","","PRJNA313681",0.104624,39.7633,"mitochondrion","NC_029355.1/KT823696.1",40,"2016-03-01T00:00:00Z"
"Orthotrichum obtusifolium","Eukaryota;Plants;Land Plants","","","PRJNA283056",0.104603,39.6901,"mitochondrion","NC_031767.1/KX702279.1",40,"2016-11-10T00:00:00Z"
"Orthotrichum stellatum","Eukaryota;Plants;Land Plants","","","PRJNA775406",0.104131,39.8364,"mitochondrion","KC784958.1",40,"2014-07-13T00:00:00Z"
"Oryza minuta","Eukaryota;Plants;Land Plants","","","PRJNA317882",0.515022,44.0449,"mitochondrion","NC_029816.1/KU176938.1",59,"2016-04-09T00:00:00Z"
"Oryza rufipogon","Eukaryota;Plants;Land Plants","","","PRJNA45999",0.559045,44.0374,"mitochondrion","NC_013816.1/AP011076.1",41,"2010-02-18T00:00:00Z"
"Oryza sativa Indica Group","Eukaryota;Plants;Land Plants","","","PRJNA16428",0.491515,43.8371,"mitochondrion","NC_007886.1/DQ167399.1",54,"2006-03-09T00:00:00Z"
"Oryza sativa Indica Group","Eukaryota;Plants;Land Plants","","SAMN04866660","PRJNA318714",0.527116,43.9748,"mitochondrion","MT:CP018169.1",0,"2017-05-04T00:00:00Z"
"Oryza sativa Japonica Group","Eukaryota;Plants;Land Plants","","","PRJNA122",0.49052,43.8526,"mitochondrion","MT:NC_011033.1/",53,"2008-07-10T00:00:00Z"
"Osmanthus didymopetalus","Eukaryota;Plants;Land Plants","","","PRJNA760191",0.155155,37.8125,"mitochondrion","NC_057502.1/MT362090.1",87,"2021-09-09T00:00:00Z"
"Osmanthus fragrans","Eukaryota;Plants;Land Plants","","","PRJNA805871",0.563202,44.5829,"mitochondrion","NC_060346.1/MW645067.1",44,"2022-02-11T00:00:00Z"
"Ostreobium quekettii SAG6.99","Eukaryota;Plants;Green Algae","","","PRJNA595202",0.241739,48.3009,"mitochondrion","NC_045361.1/MN514984.1",54,"2019-12-12T00:00:00Z"
"Ostreococcus mediterraneus","Eukaryota;Plants;Green Algae","BCC125000","SAMN13292145","PRJNA407277",0.049312,34.233,"mitochondrion","MT:CM022724.1",0,"2020-04-15T00:00:00Z"
"Ostreococcus tauri OTTH0595","Eukaryota;Plants;Green Algae","RCC4221","","PRJNA51609",0.044237,38.2191,"mitochondrion","MT:NC_008290.1/",43,"2005-04-30T00:00:00Z"
"Ourococcus multisporus UTEX 1240","Eukaryota;Plants;Green Algae","","","PRJNA259494",0.049705,32.0632,"mitochondrion","NC_024762.1/KJ806272.1",20,"2014-08-26T00:00:00Z"
"Passiflora edulis","Eukaryota;Plants;Land Plants","","","PRJNA672624",0.68048,44.6501,"mitochondrion","NC_050950.1/MT140634.1",41,"2020-10-27T00:00:00Z"
"Pectinodesmus pectinatus","Eukaryota;Plants;Green Algae","","","PRJNA430580",0.032195,40.7796,"mitochondrion","NC_036659.1/KT946995.1",13,"2018-01-18T00:00:00Z"
"Pedinomonas minor UTEX LB 1350","Eukaryota;Plants;Green Algae","","","PRJNA11876",0.025137,22.2023,"mitochondrion","NC_000892.1/AF116775.1",11,"1999-03-09T00:00:00Z"
"Phaeoceros laevis","Eukaryota;Plants;Land Plants","","","PRJNA43667",0.209482,44.6043,"mitochondrion","NC_013765.1/GQ376531.1",38,"2010-01-27T00:00:00Z"
"Phaseolus vulgaris","Eukaryota;Plants;Land Plants","","","PRJNA587506",0.395516,45.114,"mitochondrion","NC_045135.1/MK176514.1",31,"2019-11-05T00:00:00Z"
"Phlegmariurus squarrosus","Eukaryota;Plants;Land Plants","","","PRJNA160027",0.41353,44.1641,"mitochondrion","NC_017755.1/JQ002659.1",147,"2012-04-20T00:00:00Z"
"Phoenix dactylifera","Eukaryota;Plants;Land Plants","","","PRJNA692501",0.715001,45.1441,"mitochondrion","MT:NC_016740.1/",43,"2012-01-17T00:00:00Z"
"Physcomitrium patens","Eukaryota;Plants;Land Plants","","","PRJNA28131",0.10534,40.5686,"mitochondrion","MT:NC_007945.1/",42,"2006-04-07T00:00:00Z"
"Physochlaina orientalis","Eukaryota;Plants;Land Plants","","","PRJNA557938",0.684857,44.8123,"mitochondrion","NC_044153.1/MK490961.1",37,"2019-08-02T00:00:00Z"
"Picochlorum costavermella RCC4223","Eukaryota;Plants;Green Algae","RCC4223","SAMN13264383","PRJNA389600",0.034178,41.2839,"mitochondrion","MT:CM022108.1",0,"2020-03-17T00:00:00Z"
"Picochlorum sp. 'soloecismus' DOE 101","Eukaryota;Plants;Green Algae","DOE 101","SAMN08031155","PRJNA418600",0.038692,40.8896,"mitochondrion","MT:CM008992.1",0,"2017-12-08T00:00:00Z"
"Picocystis salinarum","Eukaryota;Plants;Green Algae","","","PRJNA261203",0.041858,67.7218,"mitochondrion","NC_042491.1/MK086000.1",36,"2019-06-06T00:00:00Z"
"Picocystis sp. L7","Eukaryota;Plants;Green Algae","L7","SAMN09981049","PRJNA489486",0.096999,66.4131,"mitochondrion","MT:CM037205.1",0,"2021-11-30T00:00:00Z"
"Pinus taeda","Eukaryota;Plants;Land Plants","","","PRJNA207631",1.19105,46.6729,"mitochondrion","NC_039746.1/MF991879.1",39,"2018-11-09T00:00:00Z"
"Pisum abyssinicum","Eukaryota;Plants;Land Plants","","","PRJNA479111",0.354692,45.1803,"mitochondrion","NC_059791.1/MT725729.1",31,"2022-01-04T00:00:00Z"
"Pisum fulvum","Eukaryota;Plants;Land Plants","","","PRJNA433131",0.379922,45.0653,"mitochondrion","NC_059792.1/MT780310.1",31,"2022-01-04T00:00:00Z"
"Planicladium nitidulum","Eukaryota;Plants;Land Plants","","","PRJNA805820",0.104716,41.1685,"mitochondrion","NC_060546.1/MZ662079.1",40,"2022-02-11T00:00:00Z"
"Platycodon grandiflorus","Eukaryota;Plants;Land Plants","","","PRJNA413071",1.24959,43.8897,"mitochondrion","NC_035958.1/KX887331.1",33,"2017-10-06T00:00:00Z"
"Plenogemma phyllantha","Eukaryota;Plants;Land Plants","","","PRJNA348063",0.104671,39.7722,"mitochondrion","NC_031394.1/KX578033.1",40,"2016-10-13T00:00:00Z"
"Pleodorina starrii NIES-1363","Eukaryota;Plants;Green Algae","","","PRJNA198705",0.020375,37.9975,"mitochondrion","NC_021108.1/JX977845.1",10,"2013-04-30T00:00:00Z"
"Pleurozia purpurea","Eukaryota;Plants;Land Plants","","","PRJNA41417",0.168526,45.371,"mitochondrion","NC_013444.1/FJ999996.2",69,"2009-10-28T00:00:00Z"
"Pohlia nutans M211","Eukaryota;Plants;Land Plants","","","PRJNA608367",0.099864,39.6029,"mitochondrion","NC_046778.1/MN956803.1",38,"2020-04-10T00:00:00Z"
"Polytoma uvella UTEX 964","Eukaryota;Plants;Green Algae","","","PRJNA276181",0.017411,54.9825,"mitochondrion","NC_026572.1/KP696388.1",7,"2015-03-25T00:00:00Z"
"Polytomella capuana SAG 63-5","Eukaryota;Plants;Green Algae","","","PRJNA28871",0.012998,57.1934,"mitochondrion","NC_010357.1/EF645804.1",7,"2008-02-28T00:00:00Z"
"Polytomella magna SAG 63-9","Eukaryota;Plants;Green Algae","","","PRJNA232189",0.02437,34.7846,"mitochondrion","NC_023091.1/KC733827.1",7,"2013-12-20T00:00:00Z"
"Polytomella parva UTEX L 193","Eukaryota;Plants;Green Algae","","","PRJNA85499",0.013135,40.6395,"mitochondrion","1:NC_016916.1/AY062933.1",6,"2012-02-22T00:00:00Z"
"Polytomella parva UTEX L 193","Eukaryota;Plants;Green Algae","","","PRJNA85499",0.003018,42.7104,"mitochondrion","2:NC_016917.1/AY062934.1",1,"2012-02-22T00:00:00Z"
"Polytomella piriformis","Eukaryota;Plants;Green Algae","","","PRJNA41667",0.013004,41.4026,"mitochondrion","1:NC_013472.1/GU108480.1",6,"2009-11-13T00:00:00Z"
"Polytomella piriformis","Eukaryota;Plants;Green Algae","","","PRJNA41667",0.003079,43.8454,"mitochondrion","2:NC_016918.1/GU108481.1",1,"2012-02-22T00:00:00Z"
"Polytrichum commune","Eukaryota;Plants;Land Plants","","","PRJNA504242",0.114831,40.4995,"mitochondrion","NC_039775.1/MG214794.1",40,"2018-11-09T00:00:00Z"
"Pongamia pinnata","Eukaryota;Plants;Land Plants","","","PRJNA81389",0.425718,45.003,"mitochondrion","NC_016742.1/JN872550.1",37,"2012-01-17T00:00:00Z"
"Populus alba","Eukaryota;Plants;Land Plants","PAL-ZL1","","PRJNA638679",0.83842,44.8157,"mitochondrion","MT:NC_041085.1/",54,"2019-03-18T00:00:00Z"
"Populus davidiana","Eukaryota;Plants;Land Plants","","","PRJNA359958",0.779361,44.8203,"mitochondrion","NC_035157.1/KY216145.1",53,"2017-06-27T00:00:00Z"
"Populus tremula","Eukaryota;Plants;Land Plants","","","PRJNA299086",0.783442,44.7458,"mitochondrion","NC_028096.1/KT337313.1",33,"2015-10-19T00:00:00Z"
"Populus tremula x Populus alba","Eukaryota;Plants;Land Plants","","","PRJNA301294",0.783513,44.7457,"mitochondrion","NC_028329.1/KT429213.1",32,"2015-11-05T00:00:00Z"
"Porella platyphylla","Eukaryota;Plants;Land Plants","","","PRJNA555980",0.179081,44.7284,"mitochondrion","NC_043908.1/MK749461.1",42,"2019-07-22T00:00:00Z"
"Prasinoderma coloniale","Eukaryota;Plants;Other Plants","","","PRJNA236273",0.054546,45.7815,"mitochondrion","NC_023355.1/KF387569.1",34,"2014-01-24T00:00:00Z"
"Prototheca bovis SAG 2021","Eukaryota;Plants;Green Algae","","","PRJNA579619",0.039222,28.7186,"mitochondrion","NC_045058.1/MF197534.1",34,"2019-10-29T00:00:00Z"
"Prototheca wickerhamii HMC1","Eukaryota;Plants;Green Algae","HMC1","SAMN08930906","PRJNA338014",0.052179,25.7728,"mitochondrion","MT:CM009948.1",0,"2018-06-19T00:00:00Z"
"Prototheca wickerhamii 263-11","Eukaryota;Plants;Green Algae","","","PRJNA717468",0.055328,25.8242,"mitochondrion","U02970.1",36,"1994-04-05T00:00:00Z"
"Prototheca zopfii SAG 2063","Eukaryota;Plants;Green Algae","","","PRJNA453216",0.038164,28.7444,"mitochondrion","NC_037449.1/MF197533.1",33,"2018-04-24T00:00:00Z"
"Prunus avium","Eukaryota;Plants;Land Plants","","","PRJNA573324",0.389709,45.6179,"mitochondrion","NC_044768.1/MK816392.2",25,"2019-09-21T00:00:00Z"
"Prunus dulcis","Eukaryota;Plants;Land Plants","","SAMN22169165","PRJNA769745",0.006716,43.0762,"mitochondrion","MT:CM038036.1",0,"2022-01-11T00:00:00Z"
"Prunus salicina x Prunus armeniaca","Eukaryota;Plants;Land Plants","","","PRJNA806065",0.484858,45.4172,"mitochondrion","NC_060491.1/MZ647491.1",38,"2022-02-11T00:00:00Z"
"Pseudanomodon attenuatus","Eukaryota;Plants;Land Plants","","","PRJNA775317",0.104252,41.1973,"mitochondrion","JX402749.1",40,"2013-07-31T00:00:00Z"
"Pseudomuriella schumacherensis SAG 2137","Eukaryota;Plants;Green Algae","","","PRJNA259486",0.043134,42.7575,"mitochondrion","NC_024763.1/KJ806273.1",16,"2014-08-26T00:00:00Z"
"Psilotum nudum","Eukaryota;Plants;Land Plants","","","PRJNA342814",0.36407,51.3561,"mitochondrion","1:NC_030952.1/KX171638.1",26,"2016-09-19T00:00:00Z"
"Ptilidium ciliare","Eukaryota;Plants;Land Plants","","","PRJNA555979",0.179562,44.8157,"mitochondrion","NC_043907.1/MK749460.1",42,"2019-07-22T00:00:00Z"
"Ptychomnion cygnisetum","Eukaryota;Plants;Land Plants","","","PRJNA775236",0.10448,42.0655,"mitochondrion","KC784949.1",39,"2014-07-13T00:00:00Z"
"Pycnococcus provasolii CCMP 1203","Eukaryota;Plants;Green Algae","","","PRJNA46573",0.024321,37.7575,"mitochondrion","NC_013935.1/GQ497137.1",18,"2010-03-12T00:00:00Z"
"Pyramimonas parkeae SCCAP K-0007","Eukaryota;Plants;Green Algae","","","PRJNA349485",0.043294,31.1614,"mitochondrion","NC_031504.1/KX756655.1",42,"2016-10-21T00:00:00Z"
"Pyrus betulifolia","Eukaryota;Plants;Land Plants","","","PRJNA717526",0.469928,45.2848,"mitochondrion","NC_054332.1/MW080658.1",54,"2021-04-15T00:00:00Z"
"Racomitrium emersum","Eukaryota;Plants;Land Plants","","","PRJNA283079",0.107186,39.8746,"mitochondrion","NC_026975.1/KP742836.1",39,"2015-05-05T00:00:00Z"
"Racomitrium lanuginosum","Eukaryota;Plants;Land Plants","","","PRJNA313660",0.106795,39.8595,"mitochondrion","NC_029452.1/KU050083.1",42,"2016-03-01T00:00:00Z"
"Raphanus sativus","Eukaryota;Plants;Land Plants","","","PRJNA344915",0.258426,45.2137,"mitochondrion","MT:NC_018551.1/",35,"2012-09-14T00:00:00Z"
"Rhaphiolepis bibas","Eukaryota;Plants;Land Plants","","","PRJNA591500",0.43498,45.4168,"mitochondrion","NC_045228.1/MN481990.1",41,"2019-11-25T00:00:00Z"
"Rhazya stricta","Eukaryota;Plants;Land Plants","","","PRJNA252472",0.548608,43.6771,"mitochondrion","NC_024293.1/KJ485850.1",46,"2014-06-11T00:00:00Z"
"Rhododendron simsii","Eukaryota;Plants;Land Plants","adult_tree_wgs_1","SAMN13241185","PRJNA588298",0.802707,45.8697,"mitochondrion","MT:CM024966.1",47,"2020-08-25T00:00:00Z"
"Rhododendron simsii","Eukaryota;Plants;Land Plants","","","PRJNA708019",0.802707,45.8695,"mitochondrion","NC_053763.1/MW030508.1",41,"2021-03-26T00:00:00Z"
"Riccia fluitans","Eukaryota;Plants;Land Plants","","","PRJNA555912",0.185621,42.3605,"mitochondrion","NC_043906.1/MK749459.1",42,"2019-07-22T00:00:00Z"
"Rosa chinensis","Eukaryota;Plants;Land Plants","","SAMN07737764","PRJNA438537",0.313448,45.4771,"mitochondrion","MT:CM009589.1",72,"2018-03-13T00:00:00Z"
"Rotheca serrata","Eukaryota;Plants;Land Plants","","","PRJNA642566",0.482114,45.5374,"mitochondrion","NC_049064.1/MT075727.1",34,"2020-06-28T00:00:00Z"
"Roya anglica","Eukaryota;Plants;Other Plants","","","PRJNA624560",0.069371,26.8513,"mitochondrion","NC_046950.1/MK720948.1",42,"2020-04-10T00:00:00Z"
"Roya obtusa","Eukaryota;Plants;Other Plants","","","PRJNA229047",0.069465,26.8293,"mitochondrion","NC_022863.1/KF060943.1",41,"2013-11-19T00:00:00Z"
"Saccharum officinarum","Eukaryota;Plants;Land Plants","","","PRJNA344271",0.300784,43.9455,"mitochondrion","1:NC_031164.1/LC107874.1",20,"2016-09-23T00:00:00Z"
"Salix brachista","Eukaryota;Plants;Land Plants","br00","SAMN09235684","PRJNA472210",0.608983,44.9256,"mitochondrion","MT:CM018591.1",76,"2019-10-22T00:00:00Z"
"Salix brachista","Eukaryota;Plants;Land Plants","","","PRJNA775114",0.608983,44.9256,"mitochondrion","NC_058733.1/MZ675537.1",33,"2021-11-03T00:00:00Z"
"Salix cardiophylla","Eukaryota;Plants;Land Plants","","","PRJNA700358",0.735173,44.8009,"mitochondrion","NC_052708.1/MT806745.1",28,"2021-02-09T00:00:00Z"
"Salix dunnii","Eukaryota;Plants;Land Plants","FAFU-HL-1","SAMN16547678","PRJNA670558",0.711422,44.8298,"mitochondrion","MT:CM027678.1",80,"2020-12-11T00:00:00Z"
"Salix dunnii","Eukaryota;Plants;Land Plants","","","PRJNA775170",0.711422,44.8298,"mitochondrion","NC_058734.1/MZ675538.1",34,"2021-11-03T00:00:00Z"
"Salix paraflabellaris","Eukaryota;Plants;Land Plants","","","PRJNA624437",0.637893,44.9237,"mitochondrion","NC_046754.1/MK575518.1",29,"2020-04-10T00:00:00Z"
"Salix polaris","Eukaryota;Plants;Land Plants","","","PRJNA700346",0.56292,45.0334,"mitochondrion","NC_052709.1/MT806746.1",23,"2021-02-09T00:00:00Z"
"Salix purpurea","Eukaryota;Plants;Land Plants","","","PRJNA315988",0.59897,44.9376,"mitochondrion","NC_029693.1/KU198635.1",32,"2016-03-28T00:00:00Z"
"Salix suchowensis","Eukaryota;Plants;Land Plants","","","PRJNA313066",0.644437,44.9836,"mitochondrion","NC_029317.1/KU056812.1",33,"2016-03-01T00:00:00Z"
"Salvia miltiorrhiza","Eukaryota;Plants;Land Plants","","","PRJNA232923",0.499236,44.3876,"mitochondrion","NC_023209.1/KF177345.1",138,"2014-01-02T00:00:00Z"
"Salvia splendens","Eukaryota;Plants;Land Plants","huo1","SAMN08162997","PRJNA737421",0.347308,44.6488,"mitochondrion","MT:CM031494.1",48,"2021-05-20T00:00:00Z"
"Sanionia uncinata","Eukaryota;Plants;Land Plants","","","PRJNA267381",0.104497,41.2175,"mitochondrion","NC_027974.1/KP984757.1",40,"2015-10-07T00:00:00Z"
"Sapindus mukorossi","Eukaryota;Plants;Land Plants","","","PRJNA672670",0.602121,45.8353,"mitochondrion","NC_050850.1/MT806100.1",41,"2020-10-27T00:00:00Z"
"Saposhnikovia divaricata","Eukaryota;Plants;Land Plants","","","PRJNA775133",0.293897,45.2373,"mitochondrion","NC_058846.1/MZ128146.1",33,"2021-11-03T00:00:00Z"
"Saussurea costus","Eukaryota;Plants;Land Plants","","","PRJNA790299",0.320439,45.0529,"mitochondrion","NC_059793.1/MW465116.1",31,"2022-01-04T00:00:00Z"
"Scapania ampliata","Eukaryota;Plants;Land Plants","","","PRJNA700370",0.143664,44.9779,"mitochondrion","NC_052751.1/MT755612.1",42,"2021-02-09T00:00:00Z"
"Scenedesmus sp. PABB004","Eukaryota;Plants;Green Algae","PABB004","SAMN15103613","PRJNA637367",0.026575,36.809,"mitochondrion","MT:CM026549.1",15,"2020-10-28T00:00:00Z"
"Scherffelia dubia","Eukaryota;Plants;Green Algae","","","PRJNA317903",0.078958,35.9875,"mitochondrion","NC_045363.1/MN642088.1",34,"2019-12-12T00:00:00Z"
"Schisandra sphenanthera","Eukaryota;Plants;Land Plants","","","PRJNA439091",1.10177,46.3685,"mitochondrion","NC_042758.1/MH748549.1",43,"2019-06-25T00:00:00Z"
"Scyphiphora hydrophyllacea","Eukaryota;Plants;Land Plants","","","PRJNA642484",0.354155,44.426,"mitochondrion","NC_057654.1/MT610041.1",37,"2021-09-09T00:00:00Z"
"Senna occidentalis","Eukaryota;Plants;Land Plants","","","PRJNA484497",0.447106,45.4539,"mitochondrion","NC_038221.1/MF358694.1",34,"2018-08-03T00:00:00Z"
"Senna tora","Eukaryota;Plants;Land Plants","","","PRJNA483623",0.566589,45.2294,"mitochondrion","NC_038053.1/MF358693.1",36,"2018-07-31T00:00:00Z"
"Silene latifolia","Eukaryota;Plants;Land Plants","","","PRJNA52415",0.253413,42.5586,"mitochondrion","NC_014487.1/HM562727.1",30,"2010-09-16T00:00:00Z"
"Sinapis arvensis","Eukaryota;Plants;Land Plants","","","PRJNA353432",0.240024,45.2271,"mitochondrion","NC_031896.1/KM851044.1",70,"2016-11-14T00:00:00Z"
"Solanum aethiopicum","Eukaryota;Plants;Land Plants","","","PRJNA661881",0.566695,44.6792,"mitochondrion","NC_050335.1/MT122966.1",43,"2020-09-15T00:00:00Z"
"Solanum lycopersicum","Eukaryota;Plants;Land Plants","","SAMN02981358","PRJNA67471",0.575198,43.4783,"mitochondrion","AFYB00000000.1",0,"2012-02-24T00:00:00Z"
"Solanum lycopersicum","Eukaryota;Plants;Land Plants","","","PRJNA413096",0.446257,45.0657,"mitochondrion","MT:NC_035963.1/",39,"2017-10-06T00:00:00Z"
"Solanum lycopersicum","Eukaryota;Plants;Land Plants","","","PRJNA413096",0.446257,45.0657,"mitochondrion","MF034192.1",39,"2017-09-25T00:00:00Z"
"Solanum lycopersicum","Eukaryota;Plants;Land Plants","","","PRJNA66163",0.446257,45.0657,"mitochondrion","MT:NC_035963.1/",39,"2017-10-06T00:00:00Z"
"Solanum melongena","Eukaryota;Plants;Land Plants","","","PRJNA661928",0.482343,44.4283,"mitochondrion","NC_050334.1/MT122962.1",48,"2020-09-15T00:00:00Z"
"Solanum pennellii","Eukaryota;Plants;Land Plants","","","PRJNA413095",0.423596,44.9884,"mitochondrion","NC_035964.1/MF034194.1",41,"2017-10-06T00:00:00Z"
"Solenostoma sphaerocarpum","Eukaryota;Plants;Land Plants","","","PRJNA555974",0.15605,44.8478,"mitochondrion","NC_043909.1/MK749463.1",42,"2019-07-22T00:00:00Z"
"Sophora flavescens","Eukaryota;Plants;Land Plants","","","PRJNA555972",0.494369,44.8637,"mitochondrion","NC_043897.1/MH922916.1",51,"2019-07-22T00:00:00Z"
"Sorbus aucuparia","Eukaryota;Plants;Land Plants","","","PRJNA700350",0.384977,45.3869,"mitochondrion","NC_052880.1/MT648825.1",34,"2021-02-09T00:00:00Z"
"Sorghum bicolor","Eukaryota;Plants;Land Plants","","","PRJNA38691",0.468628,43.727,"mitochondrion","MT:NC_008360.1/",32,"2006-09-21T00:00:00Z"
"Sphagnum palustre","Eukaryota;Plants;Land Plants","","","PRJNA256381",0.141276,38.9932,"mitochondrion","NC_024521.1/KC784957.1",40,"2014-07-28T00:00:00Z"
"Spinacia oleracea","Eukaryota;Plants;Land Plants","","","PRJNA399914",0.329613,43.4103,"mitochondrion","NC_035618.1/KY768855.1",29,"2017-08-24T00:00:00Z"
"Spirodela polyrhiza 7498","Eukaryota;Plants;Land Plants","","","PRJNA162611",0.228493,45.7007,"mitochondrion","NC_017840.1/JQ804980.1",35,"2012-05-11T00:00:00Z"
"Spondias mombin","Eukaryota;Plants;Land Plants","","","PRJNA579631",0.674158,44.4013,"mitochondrion","NC_045035.1/MN057920.1",34,"2019-10-29T00:00:00Z"
"Spondias tuberosa","Eukaryota;Plants;Land Plants","","","PRJNA328693",0.779106,44.2348,"mitochondrion","NC_045036.1/MN057921.1",35,"2019-10-29T00:00:00Z"
"Stoneobryum bunyaense","Eukaryota;Plants;Land Plants","","","PRJNA348013",0.104352,39.8181,"mitochondrion","NC_031392.1/KX578031.1",40,"2016-10-13T00:00:00Z"
"Stoneobryum mirum","Eukaryota;Plants;Land Plants","","","PRJNA389022",0.104345,39.8237,"mitochondrion","NC_034907.1/KY620883.1",40,"2017-06-02T00:00:00Z"
"Stratiotes aloides","Eukaryota;Plants;Land Plants","","","PRJNA394338",0.349058,45.2117,"mitochondrion","NC_035317.1/KX808393.1",28,"2017-07-14T00:00:00Z"
"Styphnolobium japonicum","Eukaryota;Plants;Land Plants","","","PRJNA496178",0.484916,45.4458,"mitochondrion","NC_039596.1/MG757109.1",32,"2018-11-06T00:00:00Z"
"Suaeda glauca","Eukaryota;Plants;Land Plants","","","PRJNA806040",0.47433,44.0706,"mitochondrion","NC_060419.1/MW561632.1",27,"2022-02-11T00:00:00Z"
"Syntrichia filaris","Eukaryota;Plants;Land Plants","","","PRJNA661849",0.106343,39.5804,"mitochondrion","KP984758.1",40,"2015-07-07T00:00:00Z"
"Tamarindus indica","Eukaryota;Plants;Land Plants","","","PRJNA579640",0.607282,45.3643,"mitochondrion","NC_045038.1/MN017227.1",37,"2019-10-29T00:00:00Z"
"Tetracentron sinense","Eukaryota;Plants;Land Plants","YNK0","SAMN14615867","PRJNA625382",0.856059,46.7344,"mitochondrion","CM026581.1",35,"2020-11-02T00:00:00Z"
"Tetracentron sinense","Eukaryota;Plants;Land Plants","","SAMN14615867","PRJNA790416",0.856059,46.7344,"mitochondrion","NC_059859.1/",35,"2022-01-04T00:00:00Z"
"Tetradesmus obliquus KS3-2","Eukaryota;Plants;Green Algae","","","PRJNA11896",0.042781,36.2427,"mitochondrion","NC_002254.1/X17375.2",20,"1990-06-05T00:00:00Z"
"Tetradesmus obliquus DOE0152z","Eukaryota;Plants;Green Algae","DOE0152z","SAMN06733347","PRJNA382816",0.041704,36.4425,"mitochondrion","MT:CM007918.1",0,"2017-05-19T00:00:00Z"
"Tetraphis pellucida","Eukaryota;Plants;Land Plants","","","PRJNA252478",0.10773,42.5304,"mitochondrion","NC_024290.1/KJ817845.1",41,"2014-06-11T00:00:00Z"
"Tetraplodon fuegianus","Eukaryota;Plants;Land Plants","","","PRJNA300821",0.104741,39.9796,"mitochondrion","NC_028191.1/KT373818.1",40,"2015-11-01T00:00:00Z"
"Tolypanthus maclurei","Eukaryota;Plants;Land Plants","","","PRJNA541649",0.256961,44.3569,"mitochondrion","NC_056836.1/MZ343374.1",38,"2021-08-31T00:00:00Z"
"Torminalis glaberrima","Eukaryota;Plants;Land Plants","","","PRJNA700138",0.386758,45.3139,"mitochondrion","NC_052879.1/MT610102.1",33,"2021-02-09T00:00:00Z"
"Trebouxiophyceae sp. MX-AZ01","Eukaryota;Plants;Green Algae","","","PRJNA174481",0.074423,53.3733,"mitochondrion","NC_018568.1/JX315601.1",41,"2012-10-16T00:00:00Z"
"Treubia lacunosa","Eukaryota;Plants;Land Plants","","","PRJNA74699",0.151983,43.3785,"mitochondrion","NC_016122.1/JF973315.1",69,"2011-10-21T00:00:00Z"
"Trifolium aureum","Eukaryota;Plants;Land Plants","","","PRJNA636433",0.294911,44.8752,"mitochondrion","NC_048502.1/MT039392.1",32,"2020-06-01T00:00:00Z"
"Trifolium grandiflorum","Eukaryota;Plants;Land Plants","","","PRJNA636482",0.347723,45.0879,"mitochondrion","NC_048501.1/MT039391.1",32,"2020-06-01T00:00:00Z"
"Trifolium meduseum","Eukaryota;Plants;Land Plants","","","PRJNA636432",0.348724,44.9863,"mitochondrion","NC_048500.1/MT039390.1",37,"2020-06-01T00:00:00Z"
"Trifolium pratense","Eukaryota;Plants;Land Plants","","","PRJNA796348",0.301823,45.204,"mitochondrion","MT:NC_048499.1/",32,"2020-06-01T00:00:00Z"
"Trilophozia quinquedentata","Eukaryota;Plants;Land Plants","","","PRJNA435328",0.14251,45.0495,"mitochondrion","NC_037041.1/MG640570.1",42,"2018-02-22T00:00:00Z"
"Tripsacum dactyloides","Eukaryota;Plants;Land Plants","","","PRJNA17703",0.7041,43.9252,"mitochondrion","NC_008362.1/DQ984517.1",33,"2006-09-21T00:00:00Z"
"Triticum aestivum","Eukaryota;Plants;Land Plants","","","PRJNA764258",0.452526,44.3515,"mitochondrion","MT:NC_036024.1/",36,"2017-10-06T00:00:00Z"
"Triticum timopheevii K25","Eukaryota;Plants;Land Plants","","","PRJNA226131",0.443419,44.3506,"mitochondrion","NC_022714.1/AP013106.1",35,"2013-11-05T00:00:00Z"
"Tupiella akineta UTEX 1912","Eukaryota;Plants;Green Algae","","","PRJNA12473",0.09588,39.3377,"mitochondrion","NC_005926.1/AY359242.1",72,"2004-06-23T00:00:00Z"
"Ulota crispa","Eukaryota;Plants;Land Plants","","","PRJNA347995",0.104636,39.818,"mitochondrion","NC_031393.1/KX578032.1",40,"2016-10-13T00:00:00Z"
"Ulota hutchinsiae","Eukaryota;Plants;Land Plants","","","PRJNA775303",0.104608,39.7981,"mitochondrion","KC784952.1",40,"2014-07-13T00:00:00Z"
"Ulva australis U100","Eukaryota;Plants;Green Algae","","","PRJNA708030",0.064466,34.9331,"mitochondrion","NC_053628.1/MT179354.1",20,"2021-03-25T00:00:00Z"
"Ulva compressa","Eukaryota;Plants;Green Algae","","","PRJNA527590",0.062477,36.9656,"mitochondrion","NC_041082.1/KY626327.1",43,"2019-03-18T00:00:00Z"
"Ulva expansa","Eukaryota;Plants;Green Algae","","","PRJNA509838",0.064143,34.1253,"mitochondrion","NC_040163.1/MH730971.1",36,"2018-12-14T00:00:00Z"
"Ulva fasciata","Eukaryota;Plants;Green Algae","","","PRJNA298820",0.061614,32.4861,"mitochondrion","NC_028081.1/KT364296.1",36,"2015-10-14T00:00:00Z"
"Ulva fenestrata U64","Eukaryota;Plants;Green Algae","","","PRJNA708056",0.059026,35.4403,"mitochondrion","NC_053629.1/MT179355.1",19,"2021-03-25T00:00:00Z"
"Ulva flexuosa","Eukaryota;Plants;Green Algae","","","PRJNA407199",0.071545,34.1589,"mitochondrion","NC_035809.1/KX455878.1",41,"2017-09-13T00:00:00Z"
"Ulva gigantea U57","Eukaryota;Plants;Green Algae","","","PRJNA708117",0.066743,32.9638,"mitochondrion","NC_053630.1/MT179356.1",25,"2021-03-25T00:00:00Z"
"Ulva intestinalis","Eukaryota;Plants;Green Algae","","","PRJNA775253",0.068139,34.8596,"mitochondrion","NC_058886.1/MZ571476.1",49,"2021-11-03T00:00:00Z"
"Ulva laetevirens U35","Eukaryota;Plants;Green Algae","","","PRJNA708101",0.079723,32.5565,"mitochondrion","NC_053631.1/MT179357.1",26,"2021-03-25T00:00:00Z"
"Ulva linza","Eukaryota;Plants;Green Algae","","","PRJNA316259",0.070858,34.6072,"mitochondrion","NC_029701.1/KU189740.1",28,"2016-03-28T00:00:00Z"
"Ulva pertusa","Eukaryota;Plants;Green Algae","","","PRJNA400997",0.069333,35.8588,"mitochondrion","NC_035722.1/KX530816.1",43,"2017-08-31T00:00:00Z"
"Ulva prolifera","Eukaryota;Plants;Green Algae","","","PRJNA415111",0.063845,33.9604,"mitochondrion","KT428794.1",43,"2015-11-15T00:00:00Z"
"Ulva pseudorotundata U112","Eukaryota;Plants;Green Algae","","","PRJNA708116",0.088416,36.4323,"mitochondrion","NC_053633.1/MT179359.1",24,"2021-03-25T00:00:00Z"
"Ulva rigida U36","Eukaryota;Plants;Green Algae","","","PRJNA708060",0.088318,33.3941,"mitochondrion","NC_053632.1/MT179358.1",27,"2021-03-25T00:00:00Z"
"Ulva sp. TM637","Eukaryota;Plants;Green Algae","","","PRJNA703142",0.067506,32.4653,"mitochondrion","NC_053253.1/MH013467.1",43,"2021-03-09T00:00:00Z"
"Ulva sp. TM708","Eukaryota;Plants;Green Algae","","","PRJNA703141",0.055814,33.2157,"mitochondrion","NC_053254.1/MH013468.1",36,"2021-03-09T00:00:00Z"
"Ulva torta","Eukaryota;Plants;Green Algae","","","PRJNA703248",0.065772,34.1361,"mitochondrion","NC_053255.1/MH013471.1",44,"2021-03-09T00:00:00Z"
"Utricularia reniformis","Eukaryota;Plants;Land Plants","","","PRJNA390392",0.857234,43.9774,"mitochondrion","NC_034982.1/KY774314.1",2190,"2017-06-13T00:00:00Z"
"Vaccinium macrocarpon","Eukaryota;Plants;Land Plants","","","PRJNA236297",0.459678,45.3346,"mitochondrion","NC_023338.1/KF386162.1",33,"2014-01-27T00:00:00Z"
"Vigna angularis","Eukaryota;Plants;Land Plants","","","PRJNA328963",0.404466,45.1877,"mitochondrion","MT:NC_021092.1/",26,"2013-05-17T00:00:00Z"
"Vigna radiata var. radiata","Eukaryota;Plants;Land Plants","","","PRJNA301363",0.401262,45.1114,"mitochondrion","MT:NC_015121.1/",32,"2011-02-10T00:00:00Z"
"Viscum album","Eukaryota;Plants;Land Plants","","","PRJNA308001",0.565432,45.8724,"mitochondrion","NC_029039.1/KJ129610.1",12,"2016-01-05T00:00:00Z"
"Vitis vinifera","Eukaryota;Plants;Land Plants","","","PRJNA33471",0.773279,44.1446,"mitochondrion","MT:NC_012119.1/",74,"2008-10-23T00:00:00Z"
"Welwitschia mirabilis","Eukaryota;Plants;Land Plants","","","PRJNA311010",0.978846,53.021,"mitochondrion","NC_029130.1/KT313400.1",29,"2016-02-05T00:00:00Z"
"Wiesnerella denudata","Eukaryota;Plants;Land Plants","","","PRJNA707929",0.186911,42.876,"mitochondrion","NC_053538.1/MT745951.1",41,"2021-03-25T00:00:00Z"
"Xanthoceras sorbifolium","Eukaryota;Plants;Land Plants","","SAMN17774090","PRJNA694500",0.388931,45.7876,"mitochondrion","MT:CM036794.1",0,"2021-11-08T00:00:00Z"
"Yamagishiella unicocca NIES-3982","Eukaryota;Plants;Green Algae","","","PRJNA376993",0.030876,40.7404,"mitochondrion","NC_033969.1/KY442293.1",12,"2017-02-27T00:00:00Z"
"Zea luxurians","Eukaryota;Plants;Land Plants","","","PRJNA17625",0.539368,43.9336,"mitochondrion","NC_008333.1/DQ645537.1",32,"2006-09-07T00:00:00Z"
"Zea mays NB","Eukaryota;Plants;Land Plants","","","PRJNA655717",0.56963,43.9331,"mitochondrion","MT:NC_007982.1/",163,"2006-05-03T00:00:00Z"
"Zea mays","Eukaryota;Plants;Land Plants","Zm00056a","SAMN15048685","PRJNA635654",0.525405,43.708,"mitochondrion","MT:CM025451.1",0,"2020-09-11T00:00:00Z"
"Zea mays subsp. parviglumis","Eukaryota;Plants;Land Plants","","","PRJNA17627",0.680603,43.8792,"mitochondrion","NC_008332.1/DQ645539.1",42,"2006-09-07T00:00:00Z"
"Zea perennis","Eukaryota;Plants;Land Plants","","","PRJNA17623",0.570354,43.8849,"mitochondrion","NC_008331.1/DQ645538.1",32,"2006-09-07T00:00:00Z"
"Ziziphus jujuba","Eukaryota;Plants;Land Plants","","","PRJNA317874",0.36519,45.2742,"mitochondrion","NC_029809.1/KU187967.1",35,"2016-04-09T00:00:00Z"
"Ziziphus jujuba var. spinosa","Eukaryota;Plants;Land Plants","AT0","SAMN11665524","PRJNA542987",0.365812,45.2533,"mitochondrion","MT:CM036902.1",42,"2021-11-08T00:00:00Z"
"Zostera marina","Eukaryota;Plants;Land Plants","","","PRJNA394489",0.191481,45.1444,"mitochondrion","NC_035345.1/KX808392.1",25,"2017-07-14T00:00:00Z"
"Zygodon viridissimus","Eukaryota;Plants;Land Plants","","","PRJNA353449",0.103098,39.3829,"mitochondrion","NC_031846.1/KX711975.1",40,"2016-11-14T00:00:00Z"
