TaxID,BioProject,Superkingdom,Kingdom,Phylum,Class,Order,Family,Genus,Species,Organism Groups_x,Size(Mb).Chloroplast,GC%.Chloroplast,Replicons.Chloroplast,CDS.Chloroplast,Genes.Chloroplast,rRNA.Chloroplast,tRNA.Chloroplast,Size(Mb).Mitochondrion,GC%.Mitochondrion,Replicons.Mitochondrion,CDS.Mitochondrion,Genes.Mitochondrion,rRNA.Mitochondrion,tRNA.Mitochondrion
1000413,PRJNA524417,Eukaryota,Viridiplantae,Streptophyta,Magnoliopsida,Sapindales,Sapindaceae,Acer,Acer yangbiense,Eukaryota;Plants;Land Plants,0.155707,37.961,CM017775.1,28,28,0,0,0.803281,45.4632,CM017774.1,41,67,3,23
1000413,PRJNA790138,Eukaryota,Viridiplantae,Streptophyta,Magnoliopsida,Sapindales,Sapindaceae,Acer,Acer yangbiense,Eukaryota;Plants;Land Plants,0.155706,37.9606,MN652924.1,83,128,8,37,0.803281,45.4632,NC_059858.1,41,67,3,23
239685,PRJNA707862,Eukaryota,Viridiplantae,Streptophyta,Magnoliopsida,Ranunculales,Ranunculaceae,Aconitum,Aconitum kusnezoffii,Eukaryota;Plants;Land Plants,0.155862,38.1312,KT820671.1,85,132,8,37,0.44072,46.854,NC_053920.1,37,69,3,29
59970,PRJNA738017,Eukaryota,Viridiplantae,Streptophyta,Magnoliopsida,Ericales,Primulaceae,Aegiceras,Aegiceras corniculatum,Eukaryota;Plants;Land Plants,0.157241,36.8657,MN167882.1,87,133,8,36,0.425282,44.8199,NC_056358.1,38,64,3,23
39848,PRJNA760048,Eukaryota,Viridiplantae,Streptophyta,Magnoliopsida,Caryophyllales,Caryophyllaceae,Agrostemma,Agrostemma githago,Eukaryota;Plants;Land Plants,0.151733,36.3988,KF527884.1,81,126,8,37,0.262903,44.6617,NC_057604.1,30,53,5,16
38596,PRJNA232186,Eukaryota,Viridiplantae,Streptophyta,Magnoliopsida,Lamiales,Lamiaceae,Ajuga,Ajuga reptans,Eukaryota;Plants;Land Plants,0.149963,38.2868,NC_023102.1,84,130,8,38,0.352069,45.0971,NC_023103.1,30,50,3,17
241767,PRJNA387910,Eukaryota,Viridiplantae,Streptophyta,Magnoliopsida,Liliales,Liliaceae,Amana,Amana erythronioides,Eukaryota;Plants;Land Plants,0.150714,36.7172,NC_034634.1,83,132,8,36,0.016795,44.0429,NC_034668.1,13,37,2,22
126911,PRJNA504159,Eukaryota,Viridiplantae,Streptophyta,Magnoliopsida,Fabales,Fabaceae,Ammopiptanthus,Ammopiptanthus mongolicus,Eukaryota;Plants;Land Plants,0.153935,36.8669,KY034453.1,85,130,8,37,0.475396,42.7454,NC_039660.1,79,127,3,44
111851,PRJNA387804,Eukaryota,Viridiplantae,Streptophyta,Magnoliopsida,Fabales,Fabaceae,Ammopiptanthus,Ammopiptanthus nanus,Eukaryota;Plants;Land Plants,0.15414,36.836,NC_034743.1,85,130,8,37,0.339352,45.4484,NC_046466.1,35,57,3,18
39026,PRJNA281853,Eukaryota,Viridiplantae,Streptophyta,Jungermanniopsida,Metzgeriales,Aneuraceae,Aneura,Aneura pinguis,Eukaryota;Plants;Land Plants,0.120698,40.0205,NC_035617.1,73,126,8,36,0.165603,47.4363,NC_026901.1,40,70,3,27
3234,PRJNA642435,Eukaryota,Viridiplantae,Streptophyta,Anthocerotopsida,Anthocerotales,Anthocerotaceae,Anthoceros,Anthoceros punctatus,Eukaryota;Plants;Land Plants,0.160692,32.3476,NC_049001.1,90,137,8,37,0.228048,45.4518,NC_049003.1,42,65,3,20
210372,PRJNA717494,Eukaryota,Viridiplantae,Streptophyta,Magnoliopsida,Malvales,Thymelaeaceae,Aquilaria,Aquilaria sinensis,Eukaryota;Plants;Land Plants,0.159565,37.1078,KT148967.1,87,130,8,34,0.341829,45.0093,NC_054354.1,32,53,3,18
3702,PRJNA116,Eukaryota,Viridiplantae,Streptophyta,Magnoliopsida,Brassicales,Brassicaceae,Arabidopsis,Arabidopsis thaliana,Eukaryota;Plants;Land Plants,0.154478,36.2938,NC_000932.1,85,129,7,37,0.367808,44.7921,NC_037304.1,33,284,3,22
3702,PRJEB40125,Eukaryota,Viridiplantae,Streptophyta,Magnoliopsida,Brassicales,Brassicaceae,Arabidopsis,Arabidopsis thaliana,Eukaryota;Plants;Land Plants,0.707276,37.5739,LR881471.1,11,12,0,0,0.652063,45.4593,LR881472.1,55,67,0,0
4217,PRJNA775510,Eukaryota,Viridiplantae,Streptophyta,Magnoliopsida,Asterales,Asteraceae,Arctium,Arctium lappa,Eukaryota;Plants;Land Plants,0.152708,37.683,MH671331.1,87,130,8,36,0.312598,45.4299,NC_058644.1,131,158,6,21
48545,PRJNA221190,Eukaryota,Viridiplantae,Streptophyta,Magnoliopsida,Gentianales,Apocynaceae,Asclepias,Asclepias syriaca,Eukaryota;Plants;Land Plants,0.158719,37.8291,NC_022432.1,83,131,8,37,0.682498,43.4268,NC_022796.1,37,72,3,27
4686,PRJNA387764,Eukaryota,Viridiplantae,Streptophyta,Magnoliopsida,Asparagales,Asparagaceae,Asparagus,Asparagus officinalis,Eukaryota;Plants;Land Plants,0.156699,37.5886,NC_034777.1,83,136,8,38,0.492062,45.8981,NC_053642.1,36,59,6,17
37310,PRJNA775138,Eukaryota,Viridiplantae,Streptophyta,Polytrichopsida,Polytrichales,Polytrichaceae,Atrichum,Atrichum angustatum,Eukaryota;Plants;Land Plants,0.125602,28.6301,NC_058541.1,73,116,8,35,0.115146,40.5112,KC784956.1,40,67,3,24
343494,PRJNA775094,Eukaryota,Viridiplantae,Streptophyta,Magnoliopsida,Caryophyllales,Chenopodiaceae,Beta,Beta macrocarpa,Eukaryota;Plants;Land Plants,0.149727,36.994,NC_059016.1,8,245,10,0,0.38522,43.8928,FQ378026.1,156,192,5,26
350892,PRJNA775089,Eukaryota,Viridiplantae,Streptophyta,Magnoliopsida,Caryophyllales,Chenopodiaceae,Beta,Beta vulgaris subsp. maritima,Eukaryota;Plants;Land Plants,0.149724,37.0014,NC_059015.1,8,244,10,0,0.36495,43.9074,FP885845.1,150,186,5,26
3555,PRJNA775606,Eukaryota,Viridiplantae,Streptophyta,Magnoliopsida,Caryophyllales,Chenopodiaceae,Beta,Beta vulgaris subsp. vulgaris,Eukaryota;Plants;Land Plants,0.149723,37.003,NC_059012.1,8,245,10,0,0.368801,43.8578,BA000009.3,140,150,5,26
72658,PRJNA643029,Eukaryota,Viridiplantae,Streptophyta,Magnoliopsida,Brassicales,Brassicaceae,Boechera,Boechera stricta,Eukaryota;Plants;Land Plants,0.155033,36.3916,NC_049599.1,87,132,8,37,0.271601,44.9314,MH545496.1,31,55,3,21
146096,PRJNA738099,Eukaryota,Viridiplantae,Streptophyta,Magnoliopsida,Caryophyllales,Nyctaginaceae,Bougainvillea,Bougainvillea spectabilis,Eukaryota;Plants;Land Plants,0.154541,36.4305,MK397858.1,85,130,8,37,0.343746,44.0581,NC_056281.1,40,67,3,24
52824,PRJNA790365,Eukaryota,Viridiplantae,Streptophyta,Magnoliopsida,Brassicales,Brassicaceae,Brassica,Brassica carinata,Eukaryota;Plants;Land Plants,0.153641,36.39,NC_059807.1,85,131,8,37,0.232241,45.3271,JF920287.1,69,89,3,17
3710,PRJNA311781,Eukaryota,Viridiplantae,Streptophyta,Magnoliopsida,Brassicales,Brassicaceae,Brassica,Brassica nigra,Eukaryota;Plants;Land Plants,0.153633,36.3861,NC_030450.1,87,132,8,37,0.232407,45.314,NC_029182.1,77,99,3,19
3712,PRJNA527530,Eukaryota,Viridiplantae,Streptophyta,Magnoliopsida,Brassicales,Brassicaceae,Brassica,Brassica oleracea,Eukaryota;Plants;Land Plants,0.153364,36.3606,NC_041167.1,87,132,8,37,0.360271,45.199,JF920286.1,77,98,3,18
168488,PRJNA577174,Eukaryota,Viridiplantae,Streptophyta,Magnoliopsida,Lamiales,Scrophulariaceae,Buddleja,Buddleja alternifolia,Eukaryota;Plants;Land Plants,0.141138,37.9317,CM033410.1,26,26,0,0,0.499191,45.1885,CM033409.1,56,56,0,0
46367,PRJNA413072,Eukaryota,Viridiplantae,Streptophyta,Magnoliopsida,Apiales,Apiaceae,Bupleurum,Bupleurum falcatum,Eukaryota;Plants;Land Plants,0.155989,37.6578,KM207676.1,84,121,8,37,0.463792,45.1935,NC_035962.1,59,77,3,19
70128,PRJNA609463,Eukaryota,Viridiplantae,Streptophyta,Bryopsida,Buxbaumiales,Buxbaumiaceae,Buxbaumia,Buxbaumia aphylla,Eukaryota;Plants;Land Plants,0.123907,29.2816,NC_046056.1,84,128,8,36,0.100725,40.0764,KC784954.1,39,67,3,24
49762,PRJNA775413,Eukaryota,Viridiplantae,Streptophyta,Bryopsida,Hypnales,Callicladiaceae,Callicladium,Callicladium imponens,Eukaryota;Plants;Land Plants,0.125195,28.9205,NC_058545.1,73,116,8,35,0.10383,40.914,KC784951.1,40,67,3,24
136204,PRJNA805644,Eukaryota,Viridiplantae,Streptophyta,Magnoliopsida,Solanales,Convolvulaceae,Calystegia,Calystegia soldanella,Eukaryota;Plants;Land Plants,0.152317,37.7542,NC_060788.1,81,128,8,38,0.279265,43.9715,NC_060803.1,40,67,3,23
3483,PRJNA315284,Eukaryota,Viridiplantae,Streptophyta,Magnoliopsida,Rosales,Cannabaceae,Cannabis,Cannabis sativa,Eukaryota;Plants;Land Plants,0.153854,36.6685,NC_027223.1,86,131,8,37,0.415602,45.5741,KU310670.1,35,55,3,15
3483,PRJNA315284,Eukaryota,Viridiplantae,Streptophyta,Magnoliopsida,Rosales,Cannabaceae,Cannabis,Cannabis sativa,Eukaryota;Plants;Land Plants,0.153871,36.6703,KP274871.1,86,129,8,37,0.415602,45.5741,KU310670.1,35,55,3,15
4072,PRJNA814299,Eukaryota,Viridiplantae,Streptophyta,Magnoliopsida,Solanales,Solanaceae,Capsicum,Capsicum annuum,Eukaryota;Plants;Land Plants,0.156781,37.7252,NC_018552.1,86,135,8,38,0.51153,44.5247,NC_024624.1,193,221,3,25
3649,PRJNA264084,Eukaryota,Viridiplantae,Streptophyta,Magnoliopsida,Brassicales,Caricaceae,Carica,Carica papaya,Eukaryota;Plants;Land Plants,0.1601,36.8907,NC_010323.1,84,131,8,37,0.47689,45.1171,NC_012116.1,39,61,3,19
1857654,PRJNA353410,Eukaryota,Viridiplantae,Streptophyta,Magnoliopsida,Lamiales,Orobanchaceae,Castilleja,Castilleja paramensis,Eukaryota;Plants;Land Plants,0.152926,38.1904,NC_031805.1,84,133,8,37,0.495499,43.5204,NC_031806.1,34,68,3,29
177078,PRJNA608406,Eukaryota,Viridiplantae,Chlorophyta,Ulvophyceae,Bryopsidales,Caulerpaceae,Caulerpa,Caulerpa ashmeadii,Eukaryota;Plants;Green Algae,0.135722,33.3211,NC_045914.1,102,136,3,31,0.197427,54.7316,NC_045849.1,22,40,2,16
63459,PRJNA527591,Eukaryota,Viridiplantae,Streptophyta,Magnoliopsida,Caryophyllales,Chenopodiaceae,Chenopodium,Chenopodium quinoa,Eukaryota;Plants;Land Plants,0.152099,37.2415,KY419706.1,84,128,8,36,0.315003,43.8288,NC_041093.1,30,54,3,21
1411623,PRJNA546408,Eukaryota,Viridiplantae,Chlorophyta,Chloropicophyceae,Chloropicales,Chloropicaceae,Chloroparvula,Chloroparvula japonica,Eukaryota;Plants;Green Algae,0.071262,39.6649,NC_042487.1,68,97,3,26,0.040432,39.8546,NC_042601.1,36,62,2,24
1883388,PRJNA546388,Eukaryota,Viridiplantae,Chlorophyta,Chloropicophyceae,Chloropicales,Chloropicaceae,Chloroparvula,Chloroparvula pacifica,Eukaryota;Plants;Green Algae,0.069644,36.8072,NC_042489.1,68,99,3,28,0.049744,35.7671,NC_042603.1,38,65,2,25
464258,PRJNA546342,Eukaryota,Viridiplantae,Chlorophyta,Chloropicophyceae,Chloropicales,Chloropicaceae,Chloropicon,Chloropicon laureae,Eukaryota;Plants;Green Algae,0.06474,37.1718,NC_042484.1,71,101,3,27,0.037769,37.2475,NC_042492.1,35,62,2,25
1606511,PRJNA546398,Eukaryota,Viridiplantae,Chlorophyta,Chloropicophyceae,Chloropicales,Chloropicaceae,Chloropicon,Chloropicon mariensis,Eukaryota;Plants;Green Algae,0.064323,37.4594,NC_042485.1,71,102,3,28,0.035545,36.7928,NC_042600.1,34,61,2,25
1461542,PRJNA546407,Eukaryota,Viridiplantae,Chlorophyta,Chloropicophyceae,Chloropicales,Chloropicaceae,Chloropicon,Chloropicon maureeniae,Eukaryota;Plants;Green Algae,0.064094,36.7164,NC_042488.1,71,102,3,28,0.036041,38.5505,NC_042602.1,36,63,2,25
1461544,PRJNA546404,Eukaryota,Viridiplantae,Chlorophyta,Chloropicophyceae,Chloropicales,Chloropicaceae,Chloropicon,Chloropicon roscoffensis,Eukaryota;Plants;Green Algae,0.064534,37.0611,NC_042486.1,71,101,3,27,0.038736,38.1067,NC_042599.1,34,61,2,25
1764286,PRJNA546394,Eukaryota,Viridiplantae,Chlorophyta,Chloropicophyceae,Chloropicales,Chloropicaceae,Chloropicon,Chloropicon sieburthii,Eukaryota;Plants;Green Algae,0.064565,36.9953,NC_042483.1,71,101,3,27,0.037591,37.8282,NC_042598.1,35,62,2,25
344871,PRJNA453211,Eukaryota,Viridiplantae,Streptophyta,Magnoliopsida,Asterales,Asteraceae,Chrysanthemum,Chrysanthemum boreale,Eukaryota;Plants;Land Plants,0.151012,37.4738,NC_037388.1,87,131,8,36,0.211002,45.3588,NC_039757.1,32,56,3,19
167337,PRJNA737826,Eukaryota,Viridiplantae,Streptophyta,Magnoliopsida,Poales,Poaceae,Chrysopogon,Chrysopogon zizanioides,Eukaryota;Plants;Land Plants,0.139971,38.4544,KY596158.1,83,121,8,38,0.551622,43.609,NC_056367.1,76,101,6,19
37334,PRJNA755088,Eukaryota,Viridiplantae,Streptophyta,Magnoliopsida,Sapindales,Rutaceae,Citrus,Citrus maxima,Eukaryota;Plants;Land Plants,0.160133,38.4805,KY055833.1,89,126,8,37,0.538434,45.0243,NC_057143.1,36,60,3,21
1416941,PRJNA229037,Eukaryota,Viridiplantae,Streptophyta,Zygnemophyceae,Desmidiales,Closteriaceae,Closterium,Closterium baillyanum,Eukaryota;Plants;Other Plants,0.201341,39.3129,NC_030314.1,95,141,6,40,0.152089,39.6314,NC_022860.1,49,80,3,28
2315456,PRJDB9433,Eukaryota,Viridiplantae,Chlorophyta,Trebouxiophyceae,,,Coccomyxa,Coccomyxa sp. Obi,Eukaryota;Plants;Green Algae,0.177965,48.895,AP025008.1,211,243,2,30,0.064287,42.0334,AP025007.1,38,63,3,22
3125,PRJNA325975,Eukaryota,Viridiplantae,Streptophyta,Coleochaetophyceae,Coleochaetales,Coleochaetaceae,Coleochaete,Coleochaete scutata,Eukaryota;Plants;Other Plants,0.107236,27.6381,NC_030358.1,82,117,3,32,0.242024,42.892,NC_045180.1,80,115,5,30
4047,PRJNA790323,Eukaryota,Viridiplantae,Streptophyta,Magnoliopsida,Apiales,Apiaceae,Coriandrum,Coriandrum sativum,Eukaryota;Plants;Land Plants,0.146519,37.2757,KR002656.1,78,124,8,36,0.082926,44.8243,MW477237.1,14,28,2,12
3659,PRJNA182750,Eukaryota,Viridiplantae,Streptophyta,Magnoliopsida,Cucurbitales,Cucurbitaceae,Cucumis,Cucumis sativus,Eukaryota;Plants;Land Plants,0.155293,37.0789,NC_007144.1,85,130,8,37,1.55594,44.2729,NC_016005.1,37,65,6,20
81913,PRJNA805569,Eukaryota,Viridiplantae,Streptophyta,Magnoliopsida,Solanales,Convolvulaceae,Cuscuta,Cuscuta japonica,Eukaryota;Plants;Land Plants,0.120975,38.3104,NC_060789.1,66,110,8,34,0.813731,44.3534,NC_060804.1,37,69,3,29
1053340,PRJNA775539,Eukaryota,Viridiplantae,Streptophyta,Magnoliopsida,Poales,Cyperaceae,Cyperus,Cyperus esculentus,Eukaryota;Plants;Land Plants,0.186255,33.19,NC_058698.1,93,141,8,40,1.0027,40.7744,NC_058697.1,36,62,6,20
79200,PRJNA326436,Eukaryota,Viridiplantae,Streptophyta,Magnoliopsida,Apiales,Apiaceae,Daucus,Daucus carota subsp. sativus,Eukaryota;Plants;Land Plants,0.155911,37.6555,NC_008325.1,85,138,8,43,0.281132,45.4185,NC_017855.1,90,122,4,25
248355,PRJNA717629,Eukaryota,Viridiplantae,Streptophyta,Jungermanniopsida,Jungermanniales,Scapaniaceae,Diplophyllum,Diplophyllum taxifolium,Eukaryota;Plants;Land Plants,0.118309,33.8098,MT948954.1,86,130,8,36,0.144129,45.0541,NC_054215.1,42,73,3,27
1716017,PRJNA383512,Eukaryota,Viridiplantae,Streptophyta,Magnoliopsida,Asterales,Asteraceae,Diplostephium,Diplostephium hartwegii,Eukaryota;Plants;Land Plants,0.151994,37.387,NC_034832.1,85,131,8,36,0.277718,44.893,NC_034354.1,35,59,3,21
209816,PRJNA717497,Eukaryota,Viridiplantae,Streptophyta,Jungermanniopsida,Jungermanniales,Scapaniaceae,Douinia,Douinia plicata,Eukaryota;Plants;Land Plants,0.118797,33.9167,MT898431.1,86,130,8,36,0.144205,45.0948,NC_054214.1,42,73,3,27
29674,PRJNA328747,Eukaryota,Viridiplantae,Streptophyta,Magnoliopsida,Poales,Poaceae,Eleusine,Eleusine indica,Eukaryota;Plants;Land Plants,0.135151,38.1921,NC_030486.1,83,129,8,38,0.520691,43.298,NC_040989.1,34,66,6,24
130991,PRJNA229032,Eukaryota,Viridiplantae,Streptophyta,Zygnemophyceae,Zygnematales,Zygnemataceae,Entransia,Entransia fimbriata,Eukaryota;Plants;Other Plants,0.206025,32.9907,NC_030313.1,119,163,6,38,0.061645,42.7042,NC_022861.1,35,68,3,30
1562316,PRJNA609503,Eukaryota,Viridiplantae,Streptophyta,Magnoliopsida,Fabales,Polygalaceae,Epirixanthes,Epirixanthes elongata,Eukaryota;Plants;Land Plants,0.036275,46.1723,NC_046013.1,19,40,8,8,0.365168,43.9639,NC_046014.1,34,54,5,13
71139,PRJNA698663,Eukaryota,Viridiplantae,Streptophyta,Magnoliopsida,Myrtales,Myrtaceae,Eucalyptus,Eucalyptus grandis,Eukaryota;Plants;Land Plants,0.160137,36.8859,NC_014570.1,74,128,8,36,0.478813,44.8334,NC_040010.1,38,63,4,20
439689,PRJNA775504,Eukaryota,Viridiplantae,Streptophyta,Magnoliopsida,Solanales,Convolvulaceae,Evolvulus,Evolvulus alsinoides,Eukaryota;Plants;Land Plants,0.157015,37.369,NC_058590.1,84,128,8,36,0.344184,43.7554,NC_058741.1,34,68,6,28
101013,PRJNA759978,Eukaryota,Viridiplantae,Streptophyta,Magnoliopsida,Rosales,Rosaceae,Fragaria,Fragaria orientalis,Eukaryota;Plants;Land Plants,0.147835,37.6007,KY769126.1,84,120,8,36,0.275143,45.2368,NC_057524.1,29,52,3,20
29583,PRJNA775258,Eukaryota,Viridiplantae,Streptophyta,Bryopsida,Funariales,Funariaceae,Funaria,Funaria hygrometrica,Eukaryota;Plants;Land Plants,0.122213,28.5796,NC_058544.1,72,115,8,35,0.109586,40.3948,KC784959.1,40,67,3,24
28964,PRJNA283070,Eukaryota,Viridiplantae,Streptophyta,Magnoliopsida,Geraniales,Geraniaceae,Geranium,Geranium maderense,Eukaryota;Plants;Land Plants,0.155694,39.0741,NC_029999.1,77,162,14,33,0.737091,42.3161,NC_027000.1,27,61,3,31
66096,PRJNA772428,Eukaryota,Viridiplantae,Streptophyta,Magnoliopsida,Fabales,Fabaceae,Gleditsia,Gleditsia sinensis,Eukaryota;Plants;Land Plants,0.163175,35.5551,MK817503.1,85,122,8,37,0.594121,45.2659,NC_058235.1,35,58,3,19
3847,PRJNA48389,Eukaryota,Viridiplantae,Streptophyta,Magnoliopsida,Fabales,Fabaceae,Glycine,Glycine max,Eukaryota;Plants;Land Plants,0.152218,35.373,NC_007942.1,83,128,8,37,0.402558,45.0308,NC_020455.1,88,110,3,19
3848,PRJNA525136,Eukaryota,Viridiplantae,Streptophyta,Magnoliopsida,Fabales,Fabaceae,Glycine,Glycine soja,Eukaryota;Plants;Land Plants,0.152217,35.3758,NC_022868.1,83,131,8,38,0.402545,45.0288,NC_039768.1,88,110,2,20
74613,PRJNA708062,Eukaryota,Viridiplantae,Streptophyta,Magnoliopsida,Fabales,Fabaceae,Glycyrrhiza,Glycyrrhiza uralensis,Eukaryota;Plants;Land Plants,0.127887,34.2631,MN709826.1,76,111,4,30,0.463869,45.1944,NC_053919.1,40,71,3,28
33097,PRJNA191542,Eukaryota,Viridiplantae,Chlorophyta,Chlorophyceae,Chlamydomonadales,Volvocaceae,Gonium,Gonium pectorale,Eukaryota;Plants;Green Algae,0.222582,29.842,NC_020438.1,68,108,10,29,0.015993,38.7419,NC_020437.1,8,23,12,4
34287,PRJNA362453,Eukaryota,Viridiplantae,Streptophyta,Magnoliopsida,Malvales,Malvaceae,Gossypium,Gossypium davidsonii,Eukaryota;Plants;Land Plants,0.160072,37.3101,NC_033395.1,84,129,8,37,0.644311,44.941,NC_035075.1,36,69,7,26
3635,PRJNA713846,Eukaryota,Viridiplantae,Streptophyta,Magnoliopsida,Malvales,Malvaceae,Gossypium,Gossypium hirsutum,Eukaryota;Plants;Land Plants,0.160301,37.2449,NC_007944.1,83,129,8,37,0.668584,44.9776,NC_027406.1,34,68,4,29
29730,PRJNA320118,Eukaryota,Viridiplantae,Streptophyta,Magnoliopsida,Malvales,Malvaceae,Gossypium,Gossypium raimondii,Eukaryota;Plants;Land Plants,0.160161,37.3075,NC_016668.1,83,128,8,37,0.676078,44.9461,NC_029998.1,39,76,6,30
29730,PRJNA320118,Eukaryota,Viridiplantae,Streptophyta,Magnoliopsida,Malvales,Malvaceae,Gossypium,Gossypium raimondii,Eukaryota;Plants;Land Plants,0.160161,37.3075,HQ325744.1,83,128,8,37,0.676078,44.9461,NC_029998.1,39,76,6,30
34281,PRJNA362378,Eukaryota,Viridiplantae,Streptophyta,Magnoliopsida,Malvales,Malvaceae,Gossypium,Gossypium trilobum,Eukaryota;Plants;Land Plants,0.160109,37.2902,NC_033397.1,84,129,8,37,0.64446,44.9187,NC_035076.1,36,69,7,26
209793,PRJNA509841,Eukaryota,Viridiplantae,Streptophyta,Jungermanniopsida,Jungermanniales,Gymnomitriaceae,Gymnomitrion,Gymnomitrion concinnatum,Eukaryota;Plants;Land Plants,0.120994,34.5149,NC_040133.1,87,133,8,36,0.162572,44.7322,NC_040132.1,42,74,3,28
191923,PRJNA579662,Eukaryota,Viridiplantae,Streptophyta,Magnoliopsida,Fabales,Fabaceae,Haematoxylum,Haematoxylum brasiletto,Eukaryota;Plants;Land Plants,0.157728,36.6542,KJ468097.1,83,121,8,36,0.631094,44.9399,NC_045040.1,42,72,4,24
4232,PRJNA396063,Eukaryota,Viridiplantae,Streptophyta,Magnoliopsida,Asterales,Asteraceae,Helianthus,Helianthus annuus,Eukaryota;Plants;Land Plants,0.151104,37.6198,NC_007977.1,85,138,8,43,0.300945,45.0474,NC_023337.1,26,44,3,15
4233,PRJNA775508,Eukaryota,Viridiplantae,Streptophyta,Magnoliopsida,Asterales,Asteraceae,Helianthus,Helianthus tuberosus,Eukaryota;Plants;Land Plants,0.151047,37.6095,KF746361.1,85,131,9,36,0.281287,45.2101,NC_058585.1,50,75,3,22
387291,PRJNA608308,Eukaryota,Viridiplantae,Streptophyta,Magnoliopsida,Ranunculales,Ranunculaceae,Hepatica,Hepatica maxima,Eukaryota;Plants;Land Plants,0.160876,37.8285,NC_045909.1,88,136,8,36,1.12255,46.2149,NC_053368.1,40,62,3,18
185543,PRJNA754991,Eukaryota,Viridiplantae,Streptophyta,Magnoliopsida,Aquifoliales,Aquifoliaceae,Ilex,Ilex pubescens,Eukaryota;Plants;Land Plants,0.157872,37.6146,NC_057154.1,87,131,8,36,0.51752,45.5521,MK714017.1,34,54,3,17
35883,PRJNA344313,Eukaryota,Viridiplantae,Streptophyta,Magnoliopsida,Solanales,Convolvulaceae,Ipomoea,Ipomoea nil,Eukaryota;Plants;Land Plants,0.161897,37.4652,NC_031159.1,87,132,8,38,0.265768,44.4497,NC_031158.1,30,63,3,20
993092,PRJNA304793,Eukaryota,Viridiplantae,Chlorophyta,Chlorophyceae,,,Jenufa,Jenufa minuta,Eukaryota;Plants;Green Algae,0.20668,31.8096,NC_028582.1,89,126,6,31,0.041488,32.2864,NC_046780.1,15,45,6,24
993091,PRJNA304794,Eukaryota,Viridiplantae,Chlorophyta,Chlorophyceae,,,Jenufa,Jenufa perforata,Eukaryota;Plants;Green Algae,0.19804,25.2909,NC_028581.1,88,120,3,29,0.027198,31.4361,NC_046779.1,13,44,6,25
4236,PRJNA432228,Eukaryota,Viridiplantae,Streptophyta,Magnoliopsida,Asterales,Asteraceae,Lactuca,Lactuca sativa,Eukaryota;Plants;Land Plants,0.152765,37.5492,NC_007578.1,84,128,7,37,0.363324,45.3548,NC_042756.1,37,69,6,25
263836,PRJNA504279,Eukaryota,Viridiplantae,Streptophyta,Leiosporocerotopsida,Leiosporocerotales,Leiosporocerotaceae,Leiosporoceros,Leiosporoceros dussii,Eukaryota;Plants;Land Plants,0.155956,30.892,NC_039750.1,86,130,6,38,0.212153,44.2421,NC_039751.1,23,62,3,23
190760,PRJNA306324,Eukaryota,Viridiplantae,Streptophyta,Magnoliopsida,Fabales,Fabaceae,Leucaena,Leucaena trichandra,Eukaryota;Plants;Land Plants,0.164692,35.6095,NC_028733.1,84,129,8,37,0.722009,44.9166,NC_039738.1,38,61,4,18
321550,PRJNA579658,Eukaryota,Viridiplantae,Streptophyta,Magnoliopsida,Fabales,Fabaceae,Libidibia,Libidibia coriaria,Eukaryota;Plants;Land Plants,0.158045,36.4814,KJ468095.1,84,122,8,36,0.601574,45.1808,NC_045039.1,39,67,3,22
60698,PRJNA775103,Eukaryota,Viridiplantae,Streptophyta,Magnoliopsida,Proteales,Proteaceae,Macadamia,Macadamia integrifolia,Eukaryota;Plants;Land Plants,0.159714,38.1156,KF862711.1,88,127,8,38,0.682814,47.22,NC_058888.1,42,71,4,25
397392,PRJNA707670,Eukaryota,Viridiplantae,Streptophyta,Magnoliopsida,Santalales,Ximeniaceae,Malania,Malania oleifera,Eukaryota;Plants;Land Plants,0.12505,38.1695,MG799332.1,57,95,8,26,0.527575,45.6428,NC_053625.1,51,86,3,32
3983,PRJNA394209,Eukaryota,Viridiplantae,Streptophyta,Magnoliopsida,Malpighiales,Euphorbiaceae,Manihot,Manihot esculenta,Eukaryota;Plants;Land Plants,0.161453,35.873,NC_010433.1,83,131,7,38,0.68284,44.4697,NC_045136.1,32,52,3,17
354501,PRJNA707792,Eukaryota,Viridiplantae,Streptophyta,Magnoliopsida,Sapindales,Rutaceae,Melicope,Melicope pteleifolia,Eukaryota;Plants;Land Plants,0.159014,38.3287,NC_053871.1,88,134,8,37,0.159012,38.3298,MT784750.1,83,131,8,37
482968,PRJNA642468,Eukaryota,Viridiplantae,Streptophyta,Magnoliopsida,Caryophyllales,Nyctaginaceae,Mirabilis,Mirabilis himalaica,Eukaryota;Plants;Land Plants,0.154348,36.0018,NC_048975.1,86,131,8,37,0.346363,44.6506,NC_048974.1,41,73,4,27
3538,PRJNA747486,Eukaryota,Viridiplantae,Streptophyta,Magnoliopsida,Caryophyllales,Nyctaginaceae,Mirabilis,Mirabilis jalapa,Eukaryota;Plants;Land Plants,0.15448,35.9975,MK397875.1,85,129,8,36,0.267334,44.7515,NC_056991.1,40,72,3,29
981085,PRJNA527566,Eukaryota,Viridiplantae,Streptophyta,Magnoliopsida,Rosales,Moraceae,Morus,Morus notabilis,Eukaryota;Plants;Land Plants,0.15868,36.3619,KP939360.1,83,121,8,37,0.362069,45.6587,NC_041177.1,26,54,3,25
186697,PRJNA703114,Eukaryota,Viridiplantae,Streptophyta,Bryopsida,Hypnales,Plagiotheciaceae,Myurella,Myurella julacea,Eukaryota;Plants;Land Plants,0.124457,28.8758,NC_053275.1,82,125,8,35,0.104979,41.0892,NC_054351.1,40,67,3,24
49451,PRJNA412786,Eukaryota,Viridiplantae,Streptophyta,Magnoliopsida,Solanales,Solanaceae,Nicotiana,Nicotiana attenuata,Eukaryota;Plants;Land Plants,0.155886,37.8616,MF577082.1,84,129,8,37,0.394341,45.0498,NC_036467.1,40,68,4,24
4097,PRJNA319578,Eukaryota,Viridiplantae,Streptophyta,Magnoliopsida,Solanales,Solanaceae,Nicotiana,Nicotiana tabacum,Eukaryota;Plants;Land Plants,0.155943,37.8465,NC_001879.2,98,144,8,37,0.430597,44.9587,NC_006581.1,156,183,4,23
13813,PRJNA37855,Eukaryota,Viridiplantae,Streptophyta,Anthocerotopsida,Dendrocerotales,Dendrocerotaceae,Nothoceros,Nothoceros aenigmaticus,Eukaryota;Plants;Land Plants,0.153208,35.0164,NC_020259.1,0,135,8,37,0.184908,46.0072,NC_012651.1,48,80,3,18
210225,PRJNA760165,Eukaryota,Viridiplantae,Streptophyta,Magnoliopsida,Nymphaeales,Nymphaeaceae,Nymphaea,Nymphaea colorata,Eukaryota;Plants;Land Plants,0.159842,39.143,NC_057562.1,84,129,8,37,0.617195,45.1101,KY889142.1,42,64,3,20
637490,PRJNA806090,Eukaryota,Viridiplantae,Streptophyta,Magnoliopsida,Nymphaeales,Nymphaeaceae,Nymphaea,Nymphaea hybrid cultivar,Eukaryota;Plants;Land Plants,0.159968,39.0822,NC_060360.1,87,134,8,39,0.335042,48.6652,NC_060361.1,42,70,6,21
158383,PRJEB35540,Eukaryota,Viridiplantae,Streptophyta,Magnoliopsida,Lamiales,Oleaceae,Olea,Olea europaea subsp. europaea,Eukaryota;Plants;Land Plants,0.155658,37.8227,LR743800.1,85,130,8,37,0.755572,44.6235,LR743801.1,52,81,3,26
61564,PRJNA283056,Eukaryota,Viridiplantae,Streptophyta,Bryopsida,Orthotrichales,Orthotrichaceae,Orthotrichum,Orthotrichum obtusifolium,Eukaryota;Plants;Land Plants,0.122895,28.4495,NC_026979.1,81,126,8,37,0.104603,39.6901,NC_031767.1,40,67,3,24
522327,PRJNA775406,Eukaryota,Viridiplantae,Streptophyta,Bryopsida,Orthotrichales,Orthotrichaceae,Orthotrichum,Orthotrichum stellatum,Eukaryota;Plants;Land Plants,0.123253,28.4399,NC_058546.1,75,121,8,38,0.104131,39.8364,KC784958.1,40,67,3,24
39947,PRJNA122,Eukaryota,Viridiplantae,Streptophyta,Magnoliopsida,Poales,Poaceae,Oryza,Oryza sativa Japonica Group,Eukaryota;Plants;Land Plants,0.134525,38.9861,NC_001320.1,108,159,8,38,0.49052,43.8526,NC_011033.1,53,81,3,22
91197,PRJNA430580,Eukaryota,Viridiplantae,Chlorophyta,Chlorophyceae,Sphaeropleales,Scenedesmaceae,Pectinodesmus,Pectinodesmus pectinatus,Eukaryota;Plants;Green Algae,0.196809,29.9422,NC_036668.1,68,103,6,29,0.032195,40.7796,NC_036659.1,13,46,6,27
42345,PRJNA692501,Eukaryota,Viridiplantae,Streptophyta,Magnoliopsida,Arecales,Arecaceae,Phoenix,Phoenix dactylifera,Eukaryota;Plants;Land Plants,0.158462,37.2329,NC_013991.2,95,149,8,44,0.715001,45.1441,NC_016740.1,43,65,3,18
3218,PRJNA28131,Eukaryota,Viridiplantae,Streptophyta,Bryopsida,Funariales,Funariaceae,Physcomitrium,Physcomitrium patens,Eukaryota;Plants;Land Plants,0.12289,28.5296,NC_005087.1,85,130,8,36,0.10534,40.5686,NC_007945.1,42,69,3,24
451527,PRJNA557938,Eukaryota,Viridiplantae,Streptophyta,Magnoliopsida,Solanales,Solanaceae,Physochlaina,Physochlaina orientalis,Eukaryota;Plants;Land Plants,0.156321,37.7288,NC_044154.1,83,135,8,37,0.684857,44.8123,NC_044153.1,37,66,4,24
88271,PRJNA261203,Eukaryota,Viridiplantae,Chlorophyta,Picocystophyceae,Picocystales,Picocystaceae,Picocystis,Picocystis salinarum,Eukaryota;Plants;Green Algae,0.081133,37.2512,NC_024828.1,80,121,6,35,0.041858,67.7218,NC_042491.1,36,66,4,26
3352,PRJNA207631,Eukaryota,Viridiplantae,Streptophyta,Pinopsida,Pinales,Pinaceae,Pinus,Pinus taeda,Eukaryota;Plants;Land Plants,0.12153,38.5008,NC_021440.1,71,111,4,34,1.19105,46.6729,NC_039746.1,39,83,6,38
198035,PRJNA479111,Eukaryota,Viridiplantae,Streptophyta,Magnoliopsida,Fabales,Fabaceae,Pisum,Pisum abyssinicum,Eukaryota;Plants;Land Plants,0.122174,34.7905,NC_037830.1,74,108,4,29,0.354692,45.1803,NC_059791.1,31,51,3,17
51020,PRJNA433131,Eukaryota,Viridiplantae,Streptophyta,Magnoliopsida,Fabales,Fabaceae,Pisum,Pisum fulvum,Eukaryota;Plants;Land Plants,0.120837,34.8511,NC_036828.1,73,107,4,30,0.379922,45.0653,NC_059792.1,31,51,3,17
94286,PRJNA413071,Eukaryota,Viridiplantae,Streptophyta,Magnoliopsida,Asterales,Campanulaceae,Platycodon,Platycodon grandiflorus,Eukaryota;Plants;Land Plants,0.171818,38.1182,KX352464.1,95,146,8,36,1.24959,43.8897,NC_035958.1,33,57,6,18
43335,PRJNA638679,Eukaryota,Viridiplantae,Streptophyta,Magnoliopsida,Malpighiales,Salicaceae,Populus,Populus alba,Eukaryota;Plants;Land Plants,0.156505,36.742,NC_008235.1,83,129,8,37,0.83842,44.8157,NC_041085.1,54,80,3,22
266767,PRJNA359958,Eukaryota,Viridiplantae,Streptophyta,Magnoliopsida,Malpighiales,Salicaceae,Populus,Populus davidiana,Eukaryota;Plants;Land Plants,0.155853,36.7628,NC_032717.1,86,131,8,37,0.779361,44.8203,NC_035157.1,53,79,3,22
156133,PRJNA236273,Eukaryota,Viridiplantae,Prasinodermophyta,Prasinodermophyceae,Prasinodermales,Prasinodermaceae,Prasinoderma,Prasinoderma coloniale,Eukaryota;Plants;Other Plants,0.07775,34.0502,NC_024817.1,76,107,3,28,0.054546,45.7815,NC_023355.1,34,74,4,36
42229,PRJNA573324,Eukaryota,Viridiplantae,Streptophyta,Magnoliopsida,Rosales,Rosaceae,Prunus,Prunus avium,Eukaryota;Plants;Land Plants,0.157886,36.6917,MK622380.1,83,132,8,40,0.389709,45.6179,NC_044768.1,25,44,3,16
551137,PRJNA806065,Eukaryota,Viridiplantae,Streptophyta,Magnoliopsida,Rosales,Rosaceae,Prunus,Prunus salicina x Prunus armeniaca,Eukaryota;Plants;Land Plants,0.157916,36.7525,NC_060490.1,86,131,8,37,0.484858,45.4172,NC_060491.1,38,59,3,18
2779804,PRJNA775317,Eukaryota,Viridiplantae,Streptophyta,Bryopsida,Hypnales,Neckeraceae,Pseudanomodon,Pseudanomodon attenuatus,Eukaryota;Plants;Land Plants,0.125282,29.5158,NC_058540.1,69,119,8,42,0.104252,41.1973,JX402749.1,40,67,3,24
245469,PRJNA775236,Eukaryota,Viridiplantae,Streptophyta,Bryopsida,Ptychomniales,Ptychomniaceae,Ptychomnion,Ptychomnion cygnisetum,Eukaryota;Plants;Land Plants,0.123452,29.9987,NC_058547.1,73,116,8,35,0.10448,42.0655,KC784949.1,39,67,3,24
3726,PRJNA344915,Eukaryota,Viridiplantae,Streptophyta,Magnoliopsida,Brassicales,Brassicaceae,Raphanus,Raphanus sativus,Eukaryota;Plants;Land Plants,0.153368,36.3394,NC_024469.1,87,132,8,37,0.258426,45.2137,NC_018551.1,35,56,3,18
396313,PRJNA252472,Eukaryota,Viridiplantae,Streptophyta,Magnoliopsida,Gentianales,Apocynaceae,Rhazya,Rhazya stricta,Eukaryota;Plants;Land Plants,0.154841,37.6231,NC_024292.1,85,132,8,37,0.548608,43.6771,NC_024293.1,46,72,3,20
118357,PRJNA588298,Eukaryota,Viridiplantae,Streptophyta,Magnoliopsida,Ericales,Ericaceae,Rhododendron,Rhododendron simsii,Eukaryota;Plants;Land Plants,0.152214,35.7444,CM024967.1,16,47,2,29,0.802707,45.8697,CM024966.1,47,71,1,23
118357,PRJNA708019,Eukaryota,Viridiplantae,Streptophyta,Magnoliopsida,Ericales,Ericaceae,Rhododendron,Rhododendron simsii,Eukaryota;Plants;Land Plants,0.152214,35.7444,NC_053764.1,75,111,4,32,0.802707,45.8695,NC_053763.1,41,68,4,23
74649,PRJNA438537,Eukaryota,Viridiplantae,Streptophyta,Magnoliopsida,Rosales,Rosaceae,Rosa,Rosa chinensis,Eukaryota;Plants;Land Plants,0.156546,37.2376,CM009590.1,77,116,0,9,0.313448,45.4771,CM009589.1,72,116,0,3
104537,PRJNA229047,Eukaryota,Viridiplantae,Streptophyta,Zygnemophyceae,Zygnematales,Mesotaeniaceae,Roya,Roya obtusa,Eukaryota;Plants;Other Plants,0.138272,33.1354,NC_030315.1,90,134,6,38,0.069465,26.8293,NC_022863.1,41,70,3,26
2182728,PRJNA472210,Eukaryota,Viridiplantae,Streptophyta,Magnoliopsida,Malpighiales,Salicaceae,Salix,Salix brachista,Eukaryota;Plants;Land Plants,0.155604,36.6835,CM018592.1,27,27,0,0,0.608983,44.9256,CM018591.1,76,76,0,0
2182728,PRJNA775114,Eukaryota,Viridiplantae,Streptophyta,Magnoliopsida,Malpighiales,Salicaceae,Salix,Salix brachista,Eukaryota;Plants;Land Plants,0.1556,36.6915,NC_058984.1,81,126,8,37,0.608983,44.9256,NC_058733.1,33,59,3,23
1413687,PRJNA670558,Eukaryota,Viridiplantae,Streptophyta,Magnoliopsida,Malpighiales,Salicaceae,Salix,Salix dunnii,Eukaryota;Plants;Land Plants,0.15562,36.6457,CM027679.1,32,32,0,0,0.711422,44.8298,CM027678.1,80,80,0,0
1413687,PRJNA775170,Eukaryota,Viridiplantae,Streptophyta,Magnoliopsida,Malpighiales,Salicaceae,Salix,Salix dunnii,Eukaryota;Plants;Land Plants,0.155647,36.647,NC_058985.1,82,127,8,37,0.711422,44.8298,NC_058734.1,34,59,3,22
77065,PRJNA315988,Eukaryota,Viridiplantae,Streptophyta,Magnoliopsida,Malpighiales,Salicaceae,Salix,Salix purpurea,Eukaryota;Plants;Land Plants,0.15559,36.6855,KP019639.1,83,130,8,38,0.59897,44.9376,NC_029693.1,32,56,3,21
180675,PRJNA737421,Eukaryota,Viridiplantae,Streptophyta,Magnoliopsida,Lamiales,Lamiaceae,Salvia,Salvia splendens,Eukaryota;Plants;Land Plants,0.150604,38.0362,NC_050901.1,87,132,8,37,0.347308,44.6488,CM031494.1,48,64,1,15
140003,PRJNA267381,Eukaryota,Viridiplantae,Streptophyta,Bryopsida,Hypnales,Amblystegiaceae,Sanionia,Sanionia uncinata,Eukaryota;Plants;Land Plants,0.124374,29.3164,NC_025668.1,82,126,8,36,0.104497,41.2175,NC_027974.1,40,67,3,24
203717,PRJNA775133,Eukaryota,Viridiplantae,Streptophyta,Magnoliopsida,Apiales,Apiaceae,Saposhnikovia,Saposhnikovia divaricata,Eukaryota;Plants;Land Plants,0.147834,37.5279,MN857472.1,85,129,8,36,0.293897,45.2373,NC_058846.1,33,56,4,19
1133302,PRJNA700370,Eukaryota,Viridiplantae,Streptophyta,Jungermanniopsida,Jungermanniales,Scapaniaceae,Scapania,Scapania ampliata,Eukaryota;Plants;Land Plants,0.118026,33.9569,MT644123.1,86,130,8,36,0.143664,44.9779,NC_052751.1,42,73,3,27
3190,PRJNA317903,Eukaryota,Viridiplantae,Chlorophyta,Chlorodendrophyceae,Chlorodendrales,Chlorodendraceae,Scherffelia,Scherffelia dubia,Eukaryota;Plants;Green Algae,0.137161,32.5836,NC_029807.1,114,159,6,38,0.078958,35.9875,NC_045363.1,34,69,6,29
13674,PRJNA439091,Eukaryota,Viridiplantae,Streptophyta,Magnoliopsida,Austrobaileyales,Schisandraceae,Schisandra,Schisandra sphenanthera,Eukaryota;Plants;Land Plants,0.146843,39.5974,NC_037145.1,82,125,8,35,1.10177,46.3685,NC_042758.1,43,70,5,22
86994,PRJNA642484,Eukaryota,Viridiplantae,Streptophyta,Magnoliopsida,Gentianales,Rubiaceae,Scyphiphora,Scyphiphora hydrophyllacea,Eukaryota;Plants;Land Plants,0.155132,37.6022,NC_049078.1,87,133,8,37,0.354155,44.426,NC_057654.1,37,57,3,16
126820,PRJNA484497,Eukaryota,Viridiplantae,Streptophyta,Magnoliopsida,Fabales,Fabaceae,Senna,Senna occidentalis,Eukaryota;Plants;Land Plants,0.159993,36.1891,NC_038222.1,84,129,8,37,0.447106,45.4539,NC_038221.1,34,58,3,21
29728,PRJNA353432,Eukaryota,Viridiplantae,Streptophyta,Magnoliopsida,Brassicales,Brassicaceae,Sinapis,Sinapis arvensis,Eukaryota;Plants;Land Plants,0.15359,36.3103,NC_035303.1,87,124,8,29,0.240024,45.2271,NC_031896.1,70,91,3,18
205524,PRJNA661881,Eukaryota,Viridiplantae,Streptophyta,Magnoliopsida,Solanales,Solanaceae,Solanum,Solanum aethiopicum,Eukaryota;Plants;Land Plants,0.155608,37.6999,MH283717.1,83,134,8,36,0.566695,44.6792,NC_050335.1,43,80,6,31
4081,PRJNA413096,Eukaryota,Viridiplantae,Streptophyta,Magnoliopsida,Solanales,Solanaceae,Solanum,Solanum lycopersicum,Eukaryota;Plants;Land Plants,0.155461,37.8603,AM087200.3,87,132,8,37,0.446257,45.0657,NC_035963.1,39,72,5,27
4081,PRJNA413096,Eukaryota,Viridiplantae,Streptophyta,Magnoliopsida,Solanales,Solanaceae,Solanum,Solanum lycopersicum,Eukaryota;Plants;Land Plants,0.155461,37.8603,AM087200.3,87,132,8,37,0.446257,45.0657,MF034192.1,39,72,5,27
4081,PRJNA413096,Eukaryota,Viridiplantae,Streptophyta,Magnoliopsida,Solanales,Solanaceae,Solanum,Solanum lycopersicum,Eukaryota;Plants;Land Plants,0.155461,37.8616,DQ347959.1,87,134,8,45,0.446257,45.0657,NC_035963.1,39,72,5,27
4081,PRJNA413096,Eukaryota,Viridiplantae,Streptophyta,Magnoliopsida,Solanales,Solanaceae,Solanum,Solanum lycopersicum,Eukaryota;Plants;Land Plants,0.155461,37.8616,DQ347959.1,87,134,8,45,0.446257,45.0657,MF034192.1,39,72,5,27
4081,PRJNA66163,Eukaryota,Viridiplantae,Streptophyta,Magnoliopsida,Solanales,Solanaceae,Solanum,Solanum lycopersicum,Eukaryota;Plants;Land Plants,0.155461,37.8616,NC_007898.3,87,142,8,45,0.446257,45.0657,NC_035963.1,39,72,5,27
4111,PRJNA661928,Eukaryota,Viridiplantae,Streptophyta,Magnoliopsida,Solanales,Solanaceae,Solanum,Solanum melongena,Eukaryota;Plants;Land Plants,0.154289,37.8692,KU682719.1,85,125,8,39,0.482343,44.4283,NC_050334.1,48,84,4,32
28526,PRJNA413095,Eukaryota,Viridiplantae,Streptophyta,Magnoliopsida,Solanales,Solanaceae,Solanum,Solanum pennellii,Eukaryota;Plants;Land Plants,0.155254,37.8605,KY887589.1,87,134,8,37,0.423596,44.9884,NC_035964.1,41,71,5,24
36599,PRJNA700350,Eukaryota,Viridiplantae,Streptophyta,Magnoliopsida,Rosales,Rosaceae,Sorbus,Sorbus aucuparia,Eukaryota;Plants;Land Plants,0.160108,36.5366,NC_052878.1,85,130,8,37,0.384977,45.3869,NC_052880.1,34,61,2,23
4558,PRJNA38691,Eukaryota,Viridiplantae,Streptophyta,Magnoliopsida,Poales,Poaceae,Sorghum,Sorghum bicolor,Eukaryota;Plants;Land Plants,0.140754,38.4913,NC_008602.1,84,140,8,48,0.468628,43.727,NC_008360.1,32,54,3,18
80338,PRJNA579631,Eukaryota,Viridiplantae,Streptophyta,Magnoliopsida,Sapindales,Anacardiaceae,Spondias,Spondias mombin,Eukaryota;Plants;Land Plants,0.162302,37.5972,KY828469.1,86,131,8,36,0.674158,44.4013,NC_045035.1,34,65,3,28
991123,PRJNA328693,Eukaryota,Viridiplantae,Streptophyta,Magnoliopsida,Sapindales,Anacardiaceae,Spondias,Spondias tuberosa,Eukaryota;Plants;Land Plants,0.162039,37.6798,NC_030527.1,86,130,8,35,0.779106,44.2348,NC_045036.1,35,76,4,37
1903712,PRJNA348013,Eukaryota,Viridiplantae,Streptophyta,Bryopsida,Orthotrichales,Orthotrichaceae,Stoneobryum,Stoneobryum bunyaense,Eukaryota;Plants;Land Plants,0.12304,28.1006,NC_042479.1,82,127,8,37,0.104352,39.8181,NC_031392.1,40,67,3,24
1678074,PRJNA661849,Eukaryota,Viridiplantae,Streptophyta,Bryopsida,Pottiales,Pottiaceae,Syntrichia,Syntrichia filaris,Eukaryota;Plants;Land Plants,0.136227,28.2506,NC_050352.1,85,130,8,37,0.106343,39.5804,KP984758.1,40,67,3,24
58860,PRJNA579640,Eukaryota,Viridiplantae,Streptophyta,Magnoliopsida,Fabales,Fabaceae,Tamarindus,Tamarindus indica,Eukaryota;Plants;Land Plants,0.159551,36.2404,KJ468103.1,83,122,8,37,0.607282,45.3643,NC_045038.1,37,67,4,24
13715,PRJNA625382,Eukaryota,Viridiplantae,Streptophyta,Magnoliopsida,Trochodendrales,Trochodendraceae,Tetracentron,Tetracentron sinense,Eukaryota;Plants;Land Plants,0.164449,38.1498,CM026582.1,24,53,4,25,0.856059,46.7344,CM026581.1,35,54,2,17
13715,PRJNA790416,Eukaryota,Viridiplantae,Streptophyta,Magnoliopsida,Trochodendrales,Trochodendraceae,Tetracentron,Tetracentron sinense,Eukaryota;Plants;Land Plants,0.164467,38.1402,KC608752.1,92,137,8,37,0.856059,46.7344,NC_059859.1,35,54,2,17
37420,PRJNA252478,Eukaryota,Viridiplantae,Streptophyta,Tetraphidopsida,Tetraphidales,Tetraphidaceae,Tetraphis,Tetraphis pellucida,Eukaryota;Plants;Land Plants,0.127489,29.3916,NC_024291.1,82,126,8,36,0.10773,42.5304,NC_024290.1,41,68,3,24
1026954,PRJNA541649,Eukaryota,Viridiplantae,Streptophyta,Magnoliopsida,Santalales,Loranthaceae,Tolypanthus,Tolypanthus maclurei,Eukaryota;Plants;Land Plants,0.123581,36.7824,NC_042257.1,70,115,8,33,0.256961,44.3569,NC_056836.1,38,79,5,18
2914000,PRJNA700138,Eukaryota,Viridiplantae,Streptophyta,Magnoliopsida,Rosales,Rosaceae,Torminalis,Torminalis glaberrima,Eukaryota;Plants;Land Plants,0.16039,36.4817,KY457242.1,83,127,8,36,0.386758,45.3139,NC_052879.1,33,56,3,18
1208065,PRJNA174481,Eukaryota,Viridiplantae,Chlorophyta,Trebouxiophyceae,,,,Trebouxiophyceae sp. MX-AZ01,Eukaryota;Plants;Green Algae,0.149707,57.664,NC_018569.1,80,115,3,32,0.074423,53.3733,NC_018568.1,41,67,3,23
57577,PRJNA796348,Eukaryota,Viridiplantae,Streptophyta,Magnoliopsida,Fabales,Fabaceae,Trifolium,Trifolium pratense,Eukaryota;Plants;Land Plants,0.146573,34.3508,NC_047412.1,75,111,4,31,0.301823,45.204,NC_048499.1,32,58,3,17
279761,PRJNA775303,Eukaryota,Viridiplantae,Streptophyta,Bryopsida,Orthotrichales,Orthotrichaceae,Ulota,Ulota hutchinsiae,Eukaryota;Plants;Land Plants,0.123615,28.3542,NC_058548.1,72,118,8,38,0.104608,39.7981,KC784952.1,40,67,3,24
111617,PRJNA298820,Eukaryota,Viridiplantae,Chlorophyta,Ulvophyceae,Ulvales,Ulvaceae,Ulva,Ulva fasciata,Eukaryota;Plants;Green Algae,0.096005,24.8654,NC_029040.1,77,106,2,27,0.061614,32.4861,NC_028081.1,36,61,2,27
83791,PRJNA407199,Eukaryota,Viridiplantae,Chlorophyta,Ulvophyceae,Ulvales,Ulvaceae,Ulva,Ulva flexuosa,Eukaryota;Plants;Green Algae,0.089414,24.9715,NC_035823.1,71,99,2,26,0.071545,34.1589,NC_035809.1,41,62,2,27
3117,PRJNA415111,Eukaryota,Viridiplantae,Chlorophyta,Ulvophyceae,Ulvales,Ulvaceae,Ulva,Ulva prolifera,Eukaryota;Plants;Green Algae,0.093066,24.7835,NC_036137.1,66,95,2,26,0.063845,33.9604,KT428794.1,43,74,2,29
3914,PRJNA328963,Eukaryota,Viridiplantae,Streptophyta,Magnoliopsida,Fabales,Fabaceae,Vigna,Vigna angularis,Eukaryota;Plants;Land Plants,0.151683,35.1859,NC_021091.1,81,126,8,36,0.404466,45.1877,NC_021092.1,26,51,3,16
3916,PRJNA301363,Eukaryota,Viridiplantae,Streptophyta,Magnoliopsida,Fabales,Fabaceae,Vigna,Vigna radiata var. radiata,Eukaryota;Plants;Land Plants,0.151271,35.2348,NC_013843.1,82,131,8,36,0.401262,45.1114,NC_015121.1,32,52,3,16
29760,PRJNA33471,Eukaryota,Viridiplantae,Streptophyta,Magnoliopsida,Vitales,Vitaceae,Vitis,Vitis vinifera,Eukaryota;Plants;Land Plants,0.160928,37.3981,NC_007957.1,84,130,8,37,0.773279,44.1446,NC_012119.1,74,161,3,31
179049,PRJNA707929,Eukaryota,Viridiplantae,Streptophyta,Marchantiopsida,Marchantiales,Wiesnerellaceae,Wiesnerella,Wiesnerella denudata,Eukaryota;Plants;Land Plants,0.1225,28.8098,MT712073.1,88,131,8,35,0.186911,42.876,NC_053538.1,41,74,3,28
